-- phpMyAdmin SQL Dump
-- version 4.6.4
-- https://www.phpmyadmin.net/
--
-- Host: fdb27.runhosting.com
-- Generation Time: Oct 30, 2020 at 11:25 AM
-- Server version: 5.7.20-log
-- PHP Version: 5.5.38

SET SQL_MODE = "NO_AUTO_VALUE_ON_ZERO";
SET time_zone = "+00:00";


/*!40101 SET @OLD_CHARACTER_SET_CLIENT=@@CHARACTER_SET_CLIENT */;
/*!40101 SET @OLD_CHARACTER_SET_RESULTS=@@CHARACTER_SET_RESULTS */;
/*!40101 SET @OLD_COLLATION_CONNECTION=@@COLLATION_CONNECTION */;
/*!40101 SET NAMES utf8mb4 */;

--
-- Database: `3533207_eco`
--

-- --------------------------------------------------------

--
-- Table structure for table `accepted_students`
--

CREATE TABLE `accepted_students` (
  `id` int(11) NOT NULL,
  `student_id` int(11) NOT NULL,
  `subject_id` int(11) NOT NULL,
  `theoretical_sign` int(11) NOT NULL,
  `practical_sign` int(11) NOT NULL
) ENGINE=MyISAM DEFAULT CHARSET=latin1;

--
-- Dumping data for table `accepted_students`
--

INSERT INTO `accepted_students` (`id`, `student_id`, `subject_id`, `theoretical_sign`, `practical_sign`) VALUES
(31, 11, 50, 50, 30),
(30, 11, 23, 20, 20),
(29, 11, 24, 70, 30),
(28, 11, 25, 60, 80),
(27, 11, 26, 70, 90),
(26, 11, 27, 50, 60),
(24, 11, 28, 10, 15),
(32, 13, 29, 37, 25),
(33, 13, 32, 36, 35),
(34, 55, 47, 36, 60),
(35, 55, 47, 60, 36),
(36, 55, 38, 40, 37),
(37, 55, 36, 45, 35),
(38, 55, 38, 32, 32),
(39, 55, 36, 45, 35),
(40, 55, 35, 24, 37),
(41, 55, 39, 50, 37),
(42, 55, 37, 60, 36),
(43, 53, 37, 50, 39),
(44, 53, 47, 23, 35),
(45, 53, 38, 32, 38),
(46, 53, 36, 55, 36),
(47, 53, 35, 0, 36),
(48, 53, 39, 31, 37),
(49, 52, 37, 49, 38),
(50, 52, 47, 36, 32),
(51, 52, 38, 15, 30),
(52, 52, 36, 52, 35),
(53, 52, 35, 15, 30),
(54, 52, 39, 34, 34),
(55, 51, 37, 60, 39),
(56, 51, 47, 46, 32),
(57, 51, 38, 25, 35),
(58, 51, 36, 55, 38),
(59, 51, 35, 28, 32),
(60, 51, 39, 55, 33),
(61, 50, 37, 0, 40),
(62, 50, 47, 38, 40),
(63, 50, 38, 5, 32),
(64, 50, 36, 55, 34),
(65, 50, 35, 41, 36),
(66, 50, 36, 55, 34),
(67, 50, 39, 59, 37),
(68, 59, 22, 58, 29),
(69, 59, 48, 0, 34),
(70, 59, 21, 35, 32),
(71, 59, 22, 51, 29),
(72, 59, 20, 44, 34),
(73, 59, 19, 48, 30),
(74, 59, 18, 51, 29),
(75, 59, 22, 58, 29),
(76, 58, 22, 42, 27),
(77, 58, 48, 34, 31),
(78, 58, 21, 41, 34),
(79, 58, 18, 39, 23),
(80, 58, 20, 49, 16),
(81, 58, 19, 39, 23),
(82, 57, 22, 40, 30),
(83, 57, 48, 36, 33),
(84, 57, 22, 40, 30),
(85, 57, 21, 49, 34),
(86, 57, 18, 38, 24),
(87, 57, 20, 49, 33),
(88, 57, 19, 45, 32),
(89, 29, 48, 2, 20),
(90, 29, 22, 0, 25),
(91, 29, 21, 2, 34),
(92, 29, 18, 8, 29),
(93, 59, 20, 33, 32),
(94, 29, 19, 46, 25),
(95, 28, 48, 4, 22),
(96, 28, 22, 14, 25),
(97, 28, 21, 30, 34),
(98, 28, 18, 34, 24),
(99, 28, 20, 38, 34),
(100, 28, 19, 47, 25),
(101, 56, 49, 39, 30),
(102, 56, 10, 44, 32),
(103, 56, 8, 46, 34),
(104, 56, 9, 56, 37),
(105, 56, 11, 48, 27),
(106, 56, 12, 50, 38),
(107, 23, 49, 0, 16),
(108, 56, 10, 0, 0),
(109, 23, 8, 41, 32),
(110, 23, 10, 0, 0),
(111, 56, 10, 44, 32),
(112, 23, 9, 0, 0),
(113, 56, 11, 0, 16),
(114, 23, 12, 0, 0),
(115, 56, 11, 48, 27),
(116, 23, 11, 0, 16),
(117, 22, 49, 0, 0),
(118, 22, 12, 0, 0),
(119, 22, 11, 0, 0),
(120, 22, 12, 0, 0),
(121, 22, 10, 0, 0),
(122, 22, 9, 0, 0),
(123, 22, 8, 0, 0),
(124, 22, 8, 0, 0),
(125, 21, 49, 22, 30),
(126, 21, 10, 46, 30),
(127, 21, 8, 35, 34),
(128, 21, 9, 10, 36),
(129, 21, 11, 10, 36),
(130, 21, 12, 28, 35),
(131, 20, 49, 37, 30),
(132, 20, 10, 55, 31),
(133, 56, 8, 55, 31),
(134, 20, 10, 57, 31),
(135, 20, 9, 54, 37),
(136, 20, 11, 45, 36),
(137, 20, 12, 60, 35),
(138, 30, 27, 35, 34),
(139, 30, 28, 42, 32),
(140, 30, 50, 33, 27),
(141, 30, 26, 17, 34),
(142, 30, 24, 40, 34),
(143, 30, 23, 47, 32),
(144, 30, 25, 26, 28),
(145, 31, 27, 45, 35),
(146, 31, 28, 35, 38),
(147, 31, 50, 29, 31),
(148, 31, 26, 12, 33),
(149, 31, 24, 38, 34),
(150, 31, 23, 0, 33),
(151, 31, 25, 25, 34),
(152, 32, 27, 30, 33),
(153, 32, 28, 40, 33),
(154, 32, 50, 21, 33),
(155, 32, 26, 0, 0),
(156, 32, 24, 43, 34),
(157, 32, 23, 0, 0),
(158, 32, 25, 13, 27),
(159, 33, 27, 44, 34),
(160, 33, 28, 35, 38),
(161, 33, 50, 31, 29),
(162, 33, 26, 35, 32),
(163, 33, 24, 38, 34),
(164, 33, 23, 40, 30),
(165, 33, 25, 22, 34),
(166, 54, 42, 41, 35),
(167, 54, 41, 49, 36),
(168, 54, 51, 22, 33),
(169, 54, 44, 26, 37),
(170, 54, 40, 33, 36),
(171, 54, 43, 44, 36),
(172, 54, 41, 49, 36),
(173, 49, 42, 26, 34),
(174, 54, 41, 48, 35),
(175, 54, 51, 41, 35),
(176, 54, 44, 30, 30),
(177, 54, 40, 51, 35),
(178, 49, 40, 51, 35),
(179, 49, 43, 50, 33),
(180, 54, 43, 44, 36),
(181, 54, 40, 33, 36),
(182, 54, 44, 26, 37),
(183, 49, 44, 30, 30),
(184, 54, 51, 22, 33),
(185, 49, 51, 41, 35),
(186, 54, 41, 49, 36),
(187, 49, 41, 48, 35),
(188, 54, 42, 41, 35),
(189, 49, 42, 26, 34),
(190, 47, 42, 52, 38),
(191, 47, 41, 58, 35),
(192, 47, 51, 43, 35),
(193, 47, 51, 43, 35),
(194, 47, 40, 45, 36),
(195, 47, 44, 45, 36),
(196, 47, 40, 56, 37),
(197, 47, 43, 48, 36),
(198, 46, 42, 23, 32),
(199, 46, 41, 51, 36),
(200, 46, 51, 17, 32),
(201, 46, 44, 49, 31),
(202, 46, 40, 43, 30),
(203, 46, 43, 44, 33),
(204, 45, 42, 32, 33),
(205, 45, 41, 53, 35),
(206, 45, 51, 49, 37),
(207, 45, 44, 30, 36),
(208, 45, 40, 56, 36),
(209, 45, 43, 43, 35),
(210, 39, 52, 51, 34),
(211, 39, 13, 39, 30),
(212, 39, 16, 48, 38),
(213, 39, 17, 32, 31),
(214, 39, 14, 37, 31),
(215, 39, 15, 32, 28),
(216, 38, 52, 13, 37),
(217, 38, 13, 39, 30),
(218, 38, 13, 32, 27),
(219, 38, 16, 42, 32),
(220, 38, 17, 32, 31),
(221, 38, 14, 45, 24),
(222, 38, 14, 45, 24),
(223, 38, 15, 32, 30),
(224, 37, 52, 44, 33),
(225, 37, 13, 40, 31),
(226, 37, 16, 43, 38),
(227, 37, 17, 30, 30),
(228, 37, 14, 49, 31),
(229, 37, 15, 25, 28),
(230, 36, 52, 32, 30),
(231, 36, 13, 20, 26),
(232, 36, 16, 34, 32),
(233, 36, 17, 0, 16),
(234, 36, 14, 0, 10),
(235, 36, 15, 0, 0),
(236, 35, 52, 43, 31),
(237, 35, 13, 0, 0),
(238, 35, 16, 27, 35),
(239, 35, 17, 0, 11),
(240, 35, 14, 0, 17),
(241, 35, 15, 0, 0),
(242, 18, 29, 45, 35),
(243, 18, 32, 41, 36),
(244, 18, 31, 30, 34),
(245, 18, 53, 41, 34),
(246, 18, 30, 50, 35),
(247, 18, 33, 35, 34),
(248, 18, 34, 45, 36),
(249, 17, 29, 55, 38),
(250, 17, 32, 47, 37),
(251, 17, 31, 50, 38),
(252, 17, 53, 51, 37),
(253, 17, 53, 58, 38),
(254, 17, 30, 58, 38),
(255, 17, 33, 30, 37),
(256, 17, 34, 58, 37),
(257, 16, 29, 25, 37),
(258, 16, 32, 35, 36),
(259, 16, 31, 30, 35),
(260, 16, 53, 34, 35),
(261, 16, 30, 44, 36),
(262, 16, 33, 45, 35),
(263, 16, 34, 41, 36),
(264, 15, 53, 0, 0),
(265, 15, 34, 0, 0),
(266, 15, 33, 0, 0),
(267, 15, 32, 0, 0),
(268, 15, 31, 0, 0),
(269, 15, 30, 0, 0),
(270, 15, 29, 0, 0),
(271, 44, 6, 0, 0),
(272, 44, 4, 23, 25),
(273, 44, 54, 0, 0),
(274, 44, 3, 0, 0),
(275, 44, 5, 30, 30),
(276, 44, 7, 0, 0),
(277, 43, 6, 9, 22),
(278, 43, 4, 38, 36),
(279, 43, 54, 37, 32),
(280, 43, 3, 20, 27),
(281, 43, 5, 0, 0),
(282, 43, 7, 0, 0),
(283, 42, 6, 46, 35),
(284, 42, 4, 56, 38),
(285, 42, 54, 35, 34),
(286, 42, 3, 46, 35),
(287, 42, 5, 50, 36),
(288, 42, 7, 58, 33),
(289, 41, 6, 41, 36),
(290, 41, 4, 38, 37),
(291, 41, 54, 39, 34),
(292, 41, 3, 42, 36),
(293, 41, 54, 39, 34),
(294, 41, 3, 42, 36),
(295, 41, 5, 40, 38),
(296, 41, 7, 37, 30),
(297, 40, 6, 45, 37),
(298, 40, 4, 37, 35),
(299, 40, 54, 42, 34),
(300, 40, 3, 40, 35),
(301, 40, 5, 46, 37),
(302, 40, 7, 46, 33),
(303, 13, 29, 30, 38),
(304, 13, 32, 35, 33),
(305, 13, 31, 40, 32),
(306, 13, 53, 47, 30),
(307, 13, 30, 56, 37),
(308, 13, 33, 40, 32),
(309, 13, 34, 46, 33),
(310, 11, 27, 22, 34),
(311, 11, 28, 40, 38),
(312, 11, 50, 31, 32),
(313, 11, 26, 0, 33),
(314, 11, 24, 39, 36),
(315, 11, 23, 0, 32),
(316, 11, 25, 13, 29);

-- --------------------------------------------------------

--
-- Table structure for table `admin`
--

CREATE TABLE `admin` (
  `id` int(11) NOT NULL,
  `name` text NOT NULL,
  `pass` text NOT NULL
) ENGINE=MyISAM DEFAULT CHARSET=latin1;

--
-- Dumping data for table `admin`
--

INSERT INTO `admin` (`id`, `name`, `pass`) VALUES
(1, '1', '1');

-- --------------------------------------------------------

--
-- Table structure for table `depas`
--

CREATE TABLE `depas` (
  `id` int(11) NOT NULL,
  `name` text NOT NULL
) ENGINE=MyISAM DEFAULT CHARSET=latin1;

--
-- Dumping data for table `depas`
--

INSERT INTO `depas` (`id`, `name`) VALUES
(1, 'Ù‚Ø³Ù… Ø§Ù„Ù…Ø­Ø§Ø³Ø¨Ø©'),
(2, 'Ù‚Ø³Ù… Ø§Ù„Ø¹Ù„Ø§Ù‚Ø§Øª Ø§Ù„Ø§Ù‚ØªØµØ§Ø¯ÙŠØ© Ø§Ù„Ø¯ÙˆÙ„ÙŠØ©'),
(3, 'Ù‚Ø³Ù… Ø§Ù„Ù…Ø§Ù„ÙŠØ© ÙˆØ§Ù„Ù…ØµØ±ÙÙŠØ©'),
(5, 'Ù‚Ø³Ù… Ø§Ù„Ø³ÙƒØ§Ù†'),
(7, 'Ù‚Ø³Ù… Ø§Ø¯Ø§Ø±Ø© Ø§Ù„Ø£Ø¹Ù…Ø§Ù„'),
(8, 'Ù‚Ø³Ù… Ø§Ù„Ø§Ù‚ØªØµØ§Ø¯'),
(9, 'Ù‚Ø³Ù… Ø§Ù„ØªØ³ÙˆÙŠÙ‚'),
(10, 'Ù‚Ø³Ù… Ø§Ù„Ø§Ø­ØµØ§Ø¡ Ùˆ Ù†Ø¸Ù… Ø§Ù„Ù…Ø¹Ù„ÙˆÙ…Ø§Øª');

-- --------------------------------------------------------

--
-- Table structure for table `differentiation_dates`
--

CREATE TABLE `differentiation_dates` (
  `id` int(11) NOT NULL,
  `the_year` text NOT NULL,
  `from_date` date NOT NULL,
  `to_date` date NOT NULL
) ENGINE=MyISAM DEFAULT CHARSET=latin1;

--
-- Dumping data for table `differentiation_dates`
--

INSERT INTO `differentiation_dates` (`id`, `the_year`, `from_date`, `to_date`) VALUES
(1, '2020', '2019-09-28', '2020-09-28');

-- --------------------------------------------------------

--
-- Table structure for table `exam_schedule`
--

CREATE TABLE `exam_schedule` (
  `id` int(11) NOT NULL,
  `depa_id` int(11) NOT NULL,
  `subject_id` int(11) NOT NULL,
  `exam_schedule_days_id` int(11) NOT NULL,
  `exam_schedule_times_id` int(11) NOT NULL
) ENGINE=MyISAM DEFAULT CHARSET=latin1;

--
-- Dumping data for table `exam_schedule`
--

INSERT INTO `exam_schedule` (`id`, `depa_id`, `subject_id`, `exam_schedule_days_id`, `exam_schedule_times_id`) VALUES
(12, 10, 39, 8, 1),
(11, 10, 35, 10, 1),
(13, 10, 38, 7, 1),
(14, 10, 37, 4, 1),
(15, 10, 36, 3, 1),
(16, 10, 47, 12, 1),
(17, 9, 48, 12, 2),
(18, 9, 22, 10, 2),
(19, 9, 21, 8, 2),
(20, 9, 20, 7, 2),
(21, 9, 19, 4, 2),
(22, 9, 18, 3, 2),
(23, 7, 50, 12, 4),
(24, 7, 28, 13, 4),
(25, 7, 27, 10, 4),
(26, 7, 26, 8, 4),
(27, 7, 25, 7, 4),
(28, 7, 24, 4, 4),
(29, 7, 23, 3, 4),
(30, 10, 39, 14, 1);

-- --------------------------------------------------------

--
-- Table structure for table `exam_schedule_days`
--

CREATE TABLE `exam_schedule_days` (
  `id` int(11) NOT NULL,
  `the_day` text NOT NULL,
  `the_date` date NOT NULL
) ENGINE=MyISAM DEFAULT CHARSET=latin1;

--
-- Dumping data for table `exam_schedule_days`
--

INSERT INTO `exam_schedule_days` (`id`, `the_day`, `the_date`) VALUES
(3, 'Ø§Ù„Ø£Ø­Ø¯', '2020-08-01'),
(4, 'Ø§Ù„Ø§Ø«Ù†ÙŠÙ†', '2020-08-02'),
(8, 'Ø§Ù„Ø«Ù„Ø§Ø«Ø§Ø¡', '2020-08-05'),
(7, 'Ø§Ù„Ø®Ù…ÙŠØ³', '2020-08-03'),
(10, 'Ø§Ù„Ø£Ø±Ø¨Ø¹Ø§Ø¡', '2020-08-04'),
(12, 'Ø§Ù„Ø«Ù„Ø§Ø«Ø§Ø¡', '2020-08-06'),
(13, 'Ø§Ù„Ø£Ø­Ø¯', '2020-08-07'),
(14, 'Ø§Ù„Ø£Ø­Ø¯', '2020-07-22');

-- --------------------------------------------------------

--
-- Table structure for table `exam_schedule_times`
--

CREATE TABLE `exam_schedule_times` (
  `id` int(11) NOT NULL,
  `depa_id` int(11) NOT NULL,
  `the_time` text NOT NULL
) ENGINE=MyISAM DEFAULT CHARSET=latin1;

--
-- Dumping data for table `exam_schedule_times`
--

INSERT INTO `exam_schedule_times` (`id`, `depa_id`, `the_time`) VALUES
(1, 10, 'Ù…Ù† 11 Ø§Ù„Ù‰ 1'),
(2, 9, 'Ù…Ù† 11 Ø§Ù„Ù‰ 1'),
(3, 8, 'Ù…Ù† 11 Ø§Ù„Ù‰ 1'),
(4, 7, 'Ù…Ù† 11 Ø§Ù„Ù‰ 1'),
(5, 5, 'Ù…Ù† 11 Ø§Ù„Ù‰ 1'),
(6, 3, 'Ù…Ù† 11 Ø§Ù„Ù‰ 1'),
(7, 2, 'Ù…Ù† 11 Ø§Ù„Ù‰ 1'),
(8, 2, 'Ù…Ù† 11 Ø§Ù„Ù‰ 1'),
(9, 1, 'Ù…Ù† 11 Ø§Ù„Ù‰ 1'),
(10, 9, '11-1');

-- --------------------------------------------------------

--
-- Table structure for table `messages`
--

CREATE TABLE `messages` (
  `id` int(11) NOT NULL,
  `depa_id` int(11) NOT NULL,
  `university_no` text NOT NULL,
  `name` text NOT NULL,
  `title` text NOT NULL,
  `supervisor_name` text NOT NULL,
  `supervisor_name1` text NOT NULL,
  `registration_date` date NOT NULL,
  `grant_date` date NOT NULL,
  `comments_data` text NOT NULL
) ENGINE=MyISAM DEFAULT CHARSET=latin1;

--
-- Dumping data for table `messages`
--

INSERT INTO `messages` (`id`, `depa_id`, `university_no`, `name`, `title`, `supervisor_name`, `supervisor_name1`, `registration_date`, `grant_date`, `comments_data`) VALUES
(1, 10, '2321', 'Ù…Ø­Ù…Ø¯ ÙƒØ§Ù…Ù„', 'ØªØµÙ…ÙŠÙ… Ù…ÙˆÙ‚Ø¹ Ø¹Ù„Ù‰ Ø§Ù„Ø§Ù†ØªØ±Ù†Øª', 'Ø³Ø§Ù…Ø± Ø³Ø§Ù…Ø±', '', '2020-04-23', '2020-08-26', 'ÙŠØ¬Ø¨ Ø£Ù† ÙŠÙƒÙˆÙ† Ø§Ù„Ù…Ø´Ø±ÙˆØ¹ Ù‚ÙˆÙŠ Ø¬Ø¯Ø§Ù‹'),
(2, 10, '362', 'ÙƒØ§ØªØ±ÙŠÙ† Ø§Ù„Ù…Ø­Ù…Ø¯', 'Ø£Ù‡Ù… Ø§Ù„Ø¹ÙˆØ§Ù…Ù„ Ø§Ù„Ù…Ø¤Ø«Ø±Ø© ÙÙŠ Ø§Ù„Ø¥Ù†ØªØ§Ø¬ Ø§Ù„Ù†Ø¨Ø§ØªÙŠ ÙÙŠ Ø³ÙˆØ±ÙŠØ©/Ø¯Ø±Ø§Ø³Ø© Ø¥Ø­ØµØ§Ø¦ÙŠØ© ØªØ­Ù„ÙŠÙ„ÙŠØ©', 'Ø¯.Ø¹Ø¨Ø¯Ø§Ù„Ø±Ø­Ù…Ù† Ø§Ù„Ø¹Ø¨ÙŠØ¯', 'Ø¯.Ø§Ø­Ù…Ø¯ Ø§Ù„Ø´ÙŠØ® Ù‚Ø¯ÙˆØ± (Ø²Ø±Ø§Ø¹Ø©)', '2008-11-19', '2008-11-19', 'Ø¬ Ø¥Ø¹Ø§Ø¯Ø© Ù‚ÙŠØ¯ Ù…Ø±Ø³ÙˆÙ… 69+Ø§Ù†Ø°Ø§Ø± Ø§ÙˆÙ„'),
(3, 10, '719', 'Ø§Ø¨Ø±Ø§Ù‡ÙŠÙ… Ù†Ø¬Ø§Ø±', 'Ø¨Ù†Ø§Ø¡ Ù†Ù…ÙˆØ°Ø¬ Ø´Ø¨ÙƒÙŠ Ù…Ø§Ù„ÙŠ Ù„ØªØ¯Ù‚ÙŠÙ‚ Ø§Ù„Ù‚ÙˆØ§Ø¦Ù… Ø§Ù„Ù…Ø§Ù„ÙŠØ© Ø¨Ø§Ø³ØªØ®Ø¯Ø§Ù… Ø§Ù„Ø´Ø¨ÙƒØ§Øª Ø§Ù„Ø¹ØµØ¨ÙŠØ© Ø§Ù„Ø§ØµØ·Ù†Ø§Ø¹ÙŠØ©/Ø¯Ø±Ø§Ø³Ø© ØªØ·Ø¨ÙŠÙ‚ÙŠØ© Ø¹Ù„Ù‰ Ø§Ù„Ø´Ø±ÙƒØ§Øª Ø§Ù„Ø³ÙˆØ±ÙŠØ©', 'Ø¯.Ø§Ø¨Ø±Ø§Ù‡ÙŠÙ… Ù†Ø§Ø¦Ø¨', 'Ø¯.Ø¶Ø­Ù‰ Ø¹Ø¯Ø§Ø³', '2014-12-04', '2014-12-04', 'Ø¬ Ø¥Ø¨Ù‚Ø§Ø¡ Ù‚ÙŠØ¯ Ø³Ø§Ø¯Ø³ Ù…Ø±Ø³ÙˆÙ… 69'),
(4, 10, '754', 'Ù…Ø§Ø±ÙŠ Ø§Ù†Ø·ÙˆØ§Ù†ÙŠØª ÙƒÙŠÙ„Ùˆ ', 'Ø§Ø³ØªØ®Ø¯Ø§Ù… Ø§Ù„Ø´Ø¨ÙƒØ§Øª Ø§Ù„Ø¹ØµØ¨ÙŠØ© Ø§Ù„Ø§ØµØ·Ù†Ø§Ø¹ÙŠØ© ÙÙŠ Ø§Ù„ØªÙ†Ø¨Ø¤ Ø¨Ø§Ù„Ø§Ù‚Ø³Ø§Ù… ÙˆØ§Ù„Ù…Ø·Ø§Ù„Ø¨Ø§Øª ÙÙŠ Ø§Ù„ØªØ£Ù…ÙŠÙ† Ø¹Ù„Ù‰ Ø§Ù„Ù…Ù…ØªÙ„ÙƒØ§Øª ', 'Ø¯.ØºØ³Ø§Ù† Ø³Ø§ÙƒØª', 'Ø¯.Ù†ÙˆØ± Ø§Ù„Ø­Ù…ÙŠØ¯ÙŠ', '2015-07-22', '2020-02-04', 'Ø¬ Ø¥Ø¹Ø§Ø¯Ø© Ù‚ÙŠØ¯ + Ùƒ ØªØ¹Ø¯ÙŠÙ„ Ø¹Ù†ÙˆØ§Ù† /228/'),
(5, 10, '805', 'Ø¢Ù…Ù†Ø© Ø²Ø¹Ø±ÙˆØ±', 'Ø§Ø³ØªØ®Ø¯Ø§Ù… Ø§Ù„Ø¹Ù†Ù‚Ø¯Ø© ÙÙŠ Ø§Ø®ØªÙŠØ§Ø± Ø§Ù„Ø£ÙˆØ±Ø§Ù‚ Ø§Ù„Ù…Ø§Ù„ÙŠØ©/Ø³ÙˆÙ‚ Ø¯Ù…Ø´Ù‚ Ù„Ù„Ø£ÙˆØ±Ø§Ù‚ Ø§Ù„Ù…Ø§Ù„ÙŠØ©', 'Ø¯.Ù…Ø­Ù…Ø¯ Ø¶Ø§Ù‡Ø±', 'Ø¯.Ø·Ù‡ Ø§Ù„Ù…Ø±Ø´Ø¯', '2016-04-07', '2019-09-24', 'Ø¬ Ø§Ø¨Ù‚Ø§Ø¡ Ø±Ø§Ø¨Ø¹ + Ù‚.Ø¬ /207/ ØªØ¹Ø¯ÙŠÙ„ Ø§Ø´Ø±Ø§Ù'),
(6, 10, '829', 'Ù‡Ø¨Ø© Ø²Ù†Ø±Ù†ÙŠ', 'Ø§Ø³ØªØ®Ø¯Ø§Ù… Ø£Ø´Ø¬Ø§Ø± Ø§Ù„Ù‚Ø±Ø§Ø± ÙˆØ§Ù„Ù…Ù†Ø·Ù‚ Ø§Ù„Ø¶Ø¨Ø§Ø¨ÙŠ Ù„Ø¯Ø¹Ù… Ù‚Ø±Ø§Ø±Ø§Øª Ø§Ù„Ø¬Ù…Ø¹ÙŠØ© Ø§Ù„Ø®ÙŠØ±ÙŠØ©', 'Ø¯.ØºØ³Ø§Ù† Ø³Ø§ÙƒØª', '', '2017-03-30', '2020-06-16', 'Ùƒ ØªØ§Ù„ÙŠÙ Ù„Ø¬Ù†Ø© /362/ Øª ØŒØ§Ø¨Ù‚Ø§Ø¡ Ø¹Ø§Ù… 4 Ø¬ /1989/ Øª 2020/2/9'),
(7, 9, '722', 'Ø²ÙŠØ§Ø¯ Ø§Ù„Ø¹Ù„ÙŠ Ø§Ù„Ø¹Ø¨Ø¯', 'Ø¯Ø±Ø§Ø³Ø© Ø§ØªØ¬Ø§Ù‡Ø§Øª Ø§Ù„Ù…Ø³ØªÙ‡Ù„ÙƒÙŠÙ† Ù†Ø­Ùˆ Ù…Ù…Ø§Ø±Ø³Ø§Øª Ø§Ù„Ø®Ø¯Ø§Ø¹ ÙÙŠ Ø§Ù„Ø§ØªØµØ§Ù„Ø§Øª Ø§Ù„ØªØ³ÙˆÙŠÙ‚ÙŠØ©/Ø¯Ø±Ø§Ø³Ø© Ù…ÙŠØ¯Ø§Ù†ÙŠØ©', 'Ø¯.Ø³Ù„ÙŠÙ…Ø§Ù† Ø¹Ù„ÙŠ', 'Ø¯.Ù…Ø­Ù…Ø¯ Ù…Ø¶Ø± Ø¯Ø®Ø§Ù†', '2014-12-14', '2014-12-14', 'Ù„Ø§ Ø´Ø¦'),
(8, 9, '761', 'Ø±Ø´ÙŠØ¯ Ù…Ø¯Ø¨Ø³', 'Ø¯Ø±Ø§Ø³Ø© Ø§Ù„Ø¹Ù„Ø§Ù‚Ø© Ø¨ÙŠÙ† Ù…Ø­Ø¯Ø¯Ø§Øª Ù…Ù†Ø·Ù‚Ø© Ø§Ù„ØªØ³Ø§Ù…Ø­ ÙˆØ±Ø¶Ø§ Ø§Ù„Ø¹Ù…Ù„Ø§Ø¡/Ø¯Ø±Ø§Ø³Ø© Ù…ÙŠØ¯Ø§Ù†ÙŠØ© Ø¹Ù„Ù‰ Ù…Ø³ØªÙ‡Ù„ÙƒÙŠ Ø§Ù„ÙˆØ¬Ø¨Ø§Øª Ø§Ù„Ø³Ø±ÙŠØ¹Ø©', 'Ø¯.Ø³Ù„ÙŠÙ…Ø§Ù† Ø¹Ù„ÙŠ', '', '2015-07-05', '2015-07-05', 'Ù„Ø§ Ø´Ø¦'),
(9, 9, '761', 'Ø­Ø³Ø§Ù… Ø§Ù„Ø®Ø·ÙŠØ¨', 'Ø¯ÙˆØ± Ø§Ù„Ø³Ù…Ø§Øª Ø§Ù„Ø´Ø®ØµÙŠØ© Ù„Ù…Ù…Ø«Ù„ Ø§Ù„Ø¯Ø¹Ø§ÙŠØ© Ø§Ù„Ø·Ø¨ÙŠØ© ÙÙŠ ØªØ¨Ù†ÙŠ Ø§Ù„Ù…Ù†ØªØ¬ Ø§Ù„Ø¯ÙˆØ§Ø¦ÙŠ Ø§Ù„ÙˆØ·Ù†ÙŠ/Ø¯Ø±Ø§Ø³Ø© Ù…ÙŠØ¯Ø§Ù†ÙŠØ© ÙÙŠ Ù…Ø¯ÙŠÙ†Ø© Ø­Ù„Ø¨', 'Ø¯.Ø³Ù„ÙŠÙ…Ø§Ù† Ø¹Ù„ÙŠ', '', '2015-07-05', '2015-07-05', 'Ù„Ø§ Ø´Ø¦'),
(10, 9, '814', 'Ù…Ø­Ù…Ø¯ Ø®Ø§Ù„Ø¯ Ø¯ÙˆÙŠØ¯Ø±ÙŠ', 'Ø§Ø«Ø± ØªØ³ÙˆÙŠÙ‚ Ø§Ù„Ù…Ø­ØªÙˆÙ‰ Ø¹Ø¨Ø± Ù…ÙˆØ§Ù‚Ø¹ Ø§Ù„ØªÙˆØ§ØµÙ„ Ø§Ù„Ø§Ø¬ØªÙ…Ø§Ø¹ÙŠ Ø¹Ù„Ù‰ Ø§Ù„Ø§Ø³ØªØ¬Ø§Ø¨Ø© Ø§Ù„Ø³Ù„ÙˆÙƒÙŠØ©/Ø¯Ø±Ø§Ø³Ø© ØªØ¬Ø±ÙŠØ¨ÙŠØ©', 'Ø¯.Ø¢ÙŠØ© Ø¨ÙˆØ±Ø²Ø§Ù†', '', '2016-11-08', '2016-11-08', 'Ù„Ø§ Ø´Ø¦'),
(11, 9, '832', 'Ù…Ø­Ù…Ø¯ Ø§ÙŠÙ‡Ø§Ø¨ Ù…Ø¬ÙˆØ²', 'Ø§Ø«Ø± Ø§Ù„Ø¹Ø±Ø¶ Ø§Ù„Ø¨ØµØ±ÙŠ Ø¹Ù„Ù‰ Ø³Ù„ÙˆÙƒ Ø§Ù„Ø´Ø±Ø§Ø¡ Ø§Ù„Ø§Ù†Ø¯ÙØ§Ø¹ÙŠ Ù„Ù„Ù…Ø³ØªÙ‡Ù„Ùƒ', 'Ø¯.Ø¢ÙŠØ© Ø¨ÙˆØ±Ø²Ø§Ù†', '', '2017-04-13', '2017-04-13', 'Ù„Ø§ Ø´Ø¦'),
(12, 8, '539', 'Ù…Ø­Ù…Ø¯ Ù…ÙÙŠØ¯ Ù‚Ù„Ø¹Ù‡ Ø¬ÙŠ', 'Ø§Ø«Ø± ØªØ­ÙˆÙ„ Ø§Ù„Ø´Ø±ÙƒØ§Øª Ø§Ù„Ø¹Ø§Ø¦Ù„ÙŠØ© Ø¥Ù„Ù‰ Ø´Ø±ÙƒØ§Øª Ù…Ø³Ø§Ù‡Ù…Ø© ÙÙŠ Ø§Ù„Ø§Ù‚ØªØµØ§Ø¯ Ø§Ù„Ø³ÙˆØ±ÙŠ/Ø¯Ø±Ø§Ø³Ø© ØªØ­Ù„ÙŠÙ„ÙŠØ©', 'Ø¯.Ù…Ø±ÙˆØ§Ù† Ø±Ø´ÙŠØ¯', 'Ø¯.Ø¹Ø¨Ø¯ Ø§Ù„Ù‚Ø§Ø¯Ø± Ø¨Ø±ØºÙ„', '2010-11-01', '2010-11-01', 'Ù†Ø§Ù‚Ø´'),
(13, 8, '572', 'Ø¹Ø¨Ø¯ Ø§Ù„Ø¨Ø¯ÙŠØ¹ Ø§Ù„Ø¨Ø´Ø§Ø±', 'Ø§Ø«Ø± Ø³Ø¹Ø± Ø§Ù„ØµØ±Ù ÙÙŠ ØªÙ†Ø§ÙØ³ÙŠØ© Ø§Ù„Ø§Ù‚ØªØµØ§Ø¯ Ø§Ù„Ø³ÙˆØ±ÙŠ', 'Ø¯.Ù‡Ø²Ø§Ø¹ Ø§Ù„Ù…ÙÙ„Ø­', '', '2010-11-01', '2010-11-01', 'Ù„Ø§ Ø´Ø¦'),
(14, 8, '638', 'Ø´Ø§Ù†Ø· Ù‡Ø§Ø±ØªÙˆÙ†ÙŠØ§Ù†', 'Ù…Ø­ÙØ²Ø§Øª Ø§Ù†ØªØ´Ø§Ø± Ø§Ù„ØµÙŠØ±ÙØ© Ø§Ù„Ø§Ù„ÙƒØªØ±ÙˆÙ†ÙŠØ© ÙÙŠ Ø§Ù„Ù‚Ø·Ø§Ø¹ Ø§Ù„Ø®Ø§Øµ/Ø¯Ø±Ø§Ø³Ø© Ù…ÙŠØ¯Ø§Ù†ÙŠØ©', 'Ø¯.Ù…Ø­Ù…Ø¯ Ø¯ÙŠØ§Ø¨ Ø·Ø¨ÙŠØ®', '', '2013-11-13', '2018-01-18', 'Ø§Ø¨Ù‚Ø§Ø¡ Ø¹Ø§Ù… Ø®Ø§Ù…Ø³ Ù…Ø±Ø³ÙˆÙ… 253 ØŒ ØªØ£Ù„ÙŠÙ Ù„Ø¬Ù†Ø©'),
(15, 8, '657', 'Ø±ÙÙŠÙ Ù…Ø³ØªÙ„Ù…', 'Ø¯ÙˆØ± Ø§Ù„Ù‚Ø·Ø§Ø¹ÙŠÙ† Ø§Ù„Ø®Ø§Øµ ÙˆØ§Ù„ØªØ¹Ø§ÙˆÙ†ÙŠ ÙÙŠ Ø­Ù„ Ù…Ø´ÙƒÙ„Ø© Ø§Ù„Ø³ÙƒÙ† ÙÙŠ Ø³ÙˆØ±ÙŠØ©/Ù…Ø¯ÙŠÙ†Ø© Ø­Ù„Ø¨ Ø§Ù†Ù…ÙˆØ°Ø¬Ø§', 'Ø¯.Ø§ÙŠÙ…Ø§Ù† Ø³Ù„ÙŠÙ…Ø§Ù†', '', '2013-11-19', '2013-11-19', 'Ù†Ø§Ù‚Ø´Øª'),
(16, 8, '824', 'Ø±Ø¤Ù‰ Ø§Ù„Ø§Ø­Ù…Ø¯ Ø§Ù„Ø¹Ø¨ÙŠØ¯', 'Ø¯ÙˆØ± Ø§Ù„Ù…Ù†Ø¸Ù…Ø§Øª ØºÙŠØ± Ø§Ù„Ø­ÙƒÙˆÙ…ÙŠØ© ÙÙŠ Ø§Ù„Ø­Ø¯ Ù…Ù† ØªÙØ§Ù‚Ù… Ø§Ù„ÙÙ‚Ø±/Ø¯Ø±Ø§Ø³Ø© ØªØ­Ù„ÙŠÙ„ÙŠØ© ÙÙŠ Ø³ÙˆØ±ÙŠØ©', 'Ø¯.Ø¹Ø¨Ø¯ Ø§Ù„Ù†Ø§ØµØ± Ù†Ø§ØµØ±', '', '2016-04-07', '2016-04-07', 'Ù‚.Ø¬ Ø¹Ø§Ù… Ø®Ø§Ù…Ø³'),
(17, 7, '3081', 'Ù…Ø­Ù…Ø¯ Ù†Ø§Ø¦Ù„ Ø¯Ù„Ùˆ', 'Ø¯ÙˆØ± Ø§Ù„Ø­ÙƒÙ…Ø© Ø¨ÙŠÙ† Ø§Ù„Ø°ÙƒØ§Ø¡ Ø§Ù„Ø¹Ø§Ø·ÙÙŠ ÙˆØ¬ÙˆØ¯Ø© Ø§Ù„Ù‚Ø±Ø§Ø±Ø§Øª/ Ø¯Ø±Ø§Ø³Ø© Ù…ÙŠØ¯Ø§Ù†ÙŠØ© ÙÙŠ Ø¬Ø§Ù…Ø¹Ø© Ø­Ù„Ø¨', 'Ø¯.Ø³Ù„ÙŠÙ…Ø§Ù† Ø¹ÙˆØ¶', '', '2014-12-31', '2014-12-31', 'Ù„Ø§ Ø´Ø¦'),
(18, 7, '736', 'Ø§Ø³Ø¹Ø¯ Ø§Ù„Ø¹Ù„ÙŠÙˆÙŠ', 'ØªÙ‚ÙŠÙŠÙ… Ø§Ù„ÙƒÙØ§Ø¡Ø© Ø§Ù„ØªØ´ØºÙŠÙ„ÙŠØ© Ø¨Ø§Ø³ØªØ®Ø¯Ø§Ù… Ù†Ù…ÙˆØ°Ø¬ ØªØ­Ù„ÙŠÙ„ Ø§Ù„Ø­Ø¯ÙˆØ¯ Ø§Ù„Ø¹Ø´ÙˆØ§Ø¦ÙŠØ©(SFA)/Ø¯Ø±Ø§Ø³Ø© ØªØ·Ø¨ÙŠÙ‚ÙŠØ© Ø¹Ù„Ù‰ Ø¹ÙŠÙ†Ø© Ù…Ù† Ø§Ù„Ù…ØµØ§Ø±Ù Ø§Ù„Ø³ÙˆØ±ÙŠØ© Ø§Ù„Ø®Ø§ØµØ©', 'Ø¯.Ø¹Ù„ÙŠ Ø¬Ø¨Ù„Ø§Ù‚', '', '2014-12-31', '2014-12-31', 'Ù„Ø§ Ø´Ø¦'),
(19, 7, '760', 'Ø¹Ù…Ø± Ø§Ù„Ø®Ø·Ø§Ø¨', 'Ø§Ù„ØªÙ†Ø¨Ø¤ Ø¨Ø­Ø¬Ù… Ø§Ù„ÙˆØ¯Ø§Ø¦Ø¹ ÙˆØ§Ø«Ø±Ù‡ ÙÙŠ Ù‚Ø±Ø§Ø±Ø§Øª Ø§Ù„Ø§Ø³ØªØ«Ù…Ø§Ø±/Ø¯Ø±Ø§Ø³Ø© Ù…ÙŠØ¯Ø§Ù†ÙŠØ© Ø¹Ù„Ù‰ Ø§Ù„Ø¨Ù†ÙˆÙƒ Ø§Ù„Ø®Ø§ØµØ© ÙÙŠ Ø³ÙˆØ±ÙŠØ©', 'Ø¯.Ø¹Ù…Ø± Ø§Ø³Ù…Ø§Ø¹ÙŠÙ„', '', '2015-07-22', '2015-07-22', 'Ù„Ø§ Ø´Ø¦'),
(20, 7, '790', 'Ø§Ø­Ù…Ø¯ Ø§Ù„Ø´Ù‡Ø§Ø¨ÙŠ', 'Ø¯ÙˆØ± Ø§Ù„ØªØ­Ù„ÙŠÙ„ Ø§Ù„Ù…Ø§Ù„ÙŠ Ø§Ù„Ù…ØªÙ‚Ø¯Ù… ÙÙŠ ØªÙ‚ÙŠÙŠÙ… Ø§Ù„Ø¹ÙˆØ§Ø¦Ø¯ ÙˆØ§Ù„Ù…Ø®Ø§Ø·Ø± Ù„Ø§ØªØ®Ø§Ø° Ù‚Ø±Ø§Ø±Ø§Øª Ø§Ù„Ø§Ø³ØªØ«Ù…Ø§Ø±/Ø¯Ø±Ø§Ø³Ø© ØªØ·Ø¨ÙŠÙ‚ÙŠØ© Ø¹Ù„Ù‰ Ø§Ù„Ù…ØµØ§Ø±Ù Ø§Ù„Ø®Ø§ØµØ© ÙÙŠ Ø³ÙˆØ±ÙŠØ©', 'Ø¯.Ø¹Ù…Ø± Ø§Ø³Ù…Ø§Ø¹ÙŠÙ„', '', '2015-09-15', '2015-09-15', 'Ù„Ø§ Ø´Ø¦'),
(21, 7, '773', 'Ù…Ø­Ù…Ø¯ Ù…Ù†ÙŠØ± Ø§ÙŠÙˆØ¨ÙŠ', 'Ø¯ÙˆØ± Ø§Ù„ØªØ¹Ù„Ù… Ø§Ù„ØªÙ†Ø¸ÙŠÙ…ÙŠ ÙÙŠ Ø§Ù„Ù…Ø±ÙˆÙ†Ø© Ø§Ù„Ø§Ø³ØªØ±Ø§ØªÙŠØ¬ÙŠØ©/Ø¯Ø±Ø§Ø³Ø© Ù…ÙŠØ¯Ø§Ù†ÙŠØ©', 'Ø¯.Ø¹Ø¨Ø¯ Ø§Ù„Ù‚Ø§Ø¯Ø± Ø¯ÙˆØ§Ù„ÙŠØ¨ÙŠ', '', '2015-09-15', '2015-09-15', 'Ù†Ø§Ù‚Ø´'),
(22, 5, '3035', 'Ù†ÙˆØ±Ø© Ø³Ø¨Ø³Ø¨ÙŠ', 'Ø§Ù„Ø¯ÙˆØ§ÙØ¹ Ø§Ù„ÙƒØ§Ù…Ù†Ø© ÙˆØ±Ø§Ø¡ Ø¬Ù†ÙˆØ­ Ø§Ù„Ø£Ø­Ø¯Ø§Ø« ÙÙŠ Ø³ÙˆØ±ÙŠØ©/Ø¯Ø±Ø§Ø³Ø© Ù…ÙŠØ¯Ø§Ù†ÙŠØ© ÙÙŠ Ù…Ø­Ø§ÙØ¸Ø© Ø­Ù„Ø¨', 'Ø¯.ÙØ¤Ø§Ø¯ Ø§Ø³Ù…Ø§Ø¹ÙŠÙ„', '', '2011-11-01', '2014-04-13', 'Ø¬ Ø¥Ø¹Ø§Ø¯Ø© Ù‚ÙŠØ¯ Ù…Ø³ØªÙÙŠØ¯Ø© Ù…Ù† Ù…Ø±Ø³ÙˆÙ… 69'),
(23, 5, '659', 'Ø¹Ø¯Ù†Ø§Ù† ØºÙˆØ±ÙŠ', 'Ù…Ø¹Ø¯Ù„ Ø§Ù„Ø¥Ø¹Ø§Ù„Ø© Ø§Ù„Ø¯ÙŠÙ…ØºØ±Ø§ÙÙŠØ© ÙÙŠ Ø³ÙˆØ±ÙŠØ© ÙˆØ¢Ø«Ø§Ø±Ù‡Ø§ Ø§Ù„Ø§Ù‚ØªØµØ§Ø¯ÙŠØ© /Ø¯Ø±Ø§Ø³Ø© Ù…ÙŠØ¯Ø§Ù†ÙŠØ© ÙÙŠ Ù…Ø¯ÙŠÙ†Ø© Ø­Ù„Ø¨', 'Ø¯.Ø§Ù…ÙŠØ±Ø© Ø¹Ø¨ÙŠØ¯Ùˆ', '', '2013-09-18', '2013-09-18', 'Ø§Ø¨Ù‚Ø§Ø¡ Ø®Ø§Ù…Ø³'),
(24, 5, '665', 'Ù…Ø­Ù…Ø¯ Ø§Ù†Ø³ Ø±Ø¶ÙˆØ§Ù†', 'Ø§Ø«Ø± Ø§Ù„Ù…ØªØºÙŠØ±Ø§Øª Ø§Ù„Ø§Ù‚ØªØµØ§Ø¯ÙŠØ© ÙˆØ§Ù„Ø§Ø¬ØªÙ…Ø§Ø¹ÙŠØ© ÙÙŠ Ø§Ù„ØªÙˆØ²ÙŠØ¹ Ø§Ù„Ø¬ØºØ±Ø§ÙÙŠ Ù„Ù„Ø³ÙƒØ§Ù† ÙÙŠ Ø³ÙˆØ±ÙŠØ©', 'Ø¯.ÙØ¤Ø§Ø¯ Ø§Ø³Ù…Ø§Ø¹ÙŠÙ„', '', '2020-10-29', '2020-10-29', 'Ø§Ù†Ø°Ø§Ø± 1'),
(25, 5, '806', 'Ø­Ù…Ø²Ø© Ø¹ÙˆÙÙŠ', 'Ø¯Ø±Ø§Ø³Ø© Ø£Ù‡Ù… Ø§Ù„Ø¹ÙˆØ§Ù…Ù„ Ø§Ù„Ù…Ø¤Ø«Ø±Ø© ÙÙŠ Ø¸Ø§Ù‡Ø±Ø© Ø§Ù„Ø·Ù„Ø§Ù‚ Ø¨Ø§Ø³ØªØ®Ø¯Ø§Ù… Ø§Ù„ØªØ­Ù„ÙŠÙ„ Ø§Ù„Ø¹Ø§Ù…Ù„ÙŠ/Ø¯Ø±Ø§Ø³Ø© Ù…ÙŠØ¯Ø§Ù†ÙŠØ© ÙÙŠ Ù…Ø¯ÙŠÙ†Ø© Ø­Ù„Ø¨', 'Ø¯.Ø¹Ø¨Ø¯ Ø§Ù„Ø±Ø­Ù…Ù† Ø§Ù„Ø¹Ø¨ÙŠØ¯', '', '2016-04-07', '2016-04-07', 'Ø§Ù†Ø°Ø§Ø± Ø§ÙˆÙ„'),
(26, 3, '730', 'ØªØ³Ù†ÙŠÙ… Ù…Ù„ÙŠØ³', 'Ø§Ø«Ø± Ø§Ù„Ø§Ù†Ø¯Ù…Ø§Ø¬ ÙÙŠ Ø³ÙŠÙˆÙ„Ø© Ø§Ù„Ø´Ø±ÙƒØ§Øª', 'Ø¯.ÙŠÙˆØ³Ù Ø§Ù„Ø¹Ø¨Ø¯ Ø§Ù„Ù„Ù‡ Ø§Ù„Ø§Ø­Ù…Ø¯', '', '2014-07-08', '2014-07-08', 'Ù„Ø§ Ø´Ø¦'),
(27, 3, '707', 'Ù…Ø­Ù…Ø¯ Ø§Ù„Ø¹Ù„ÙˆØ§Ù†', 'Ø¯ÙˆØ± Ù…Ø­ÙØ¸Ø© Ø§Ù„Ø£ÙˆØ±Ø§Ù‚ Ø§Ù„Ù…Ø§Ù„ÙŠØ© Ø§Ù„Ø¯ÙˆÙ„ÙŠØ© ÙÙŠ ØªØ®ÙÙŠØ¶ Ø§Ù„Ù…Ø®Ø§Ø·Ø± Ø§Ù„Ù…Ù†ØªØ¸Ù…Ø©', 'Ø¯.Ø·Ù‡ Ø§Ù„Ù…Ø±Ø´Ø¯', '', '2014-12-14', '2014-12-14', 'Ù„Ø§ Ø´Ø¦'),
(28, 3, '767', 'Ù‡Ø¨Ø© Ù…Ø­Ø³Ù†', 'Ø§Ø³ØªØ®Ø¯Ø§Ù… Ù†Ù…Ø§Ø°Ø¬ GARCH Ù„Ø¯Ø±Ø§Ø³Ø© Ø§Ø«Ø± Ø§Ù„ØªØ¶Ø®Ù… ÙÙŠ ØªÙ‚Ù„Ø¨ Ø¹ÙˆØ§Ø¦Ø¯ Ø£Ø³Ù‡Ù… Ø§Ù„Ø´Ø±ÙƒØ§Øª Ø§Ù„Ù…Ø¯Ø±Ø¬Ø© ÙÙŠ Ø§Ù„Ø³ÙˆÙ‚ Ø§Ù„Ù…Ø§Ù„ÙŠ', 'Ø¯.Ø¹Ø¨Ø¯ Ø§Ù„Ø­Ù…ÙŠØ¯ Ø·Ø§Ù„Ø¨', '', '2015-07-05', '2015-07-05', 'ØªØ¹Ø¯ÙŠÙ„ Ø§Ø´Ø±Ø§Ù'),
(29, 3, '784', 'Ø­ÙŠØ§Ø© Ø§ÙˆØ³Ùˆ', 'Ø£Ø«Ø± Ù‡ÙŠÙƒÙ„ Ø§Ù„ØªÙ…ÙˆÙŠÙ„ ÙÙŠ Ø³ÙŠØ§Ø³Ø© ØªÙˆØ²ÙŠØ¹ Ø£Ø±Ø¨Ø§Ø­ Ø§Ù„Ø´Ø±ÙƒØ§Øª Ø§Ù„Ù…Ø¯Ø±Ø¬Ø© ÙÙŠ Ø§Ù„Ø³ÙˆÙ‚ Ø§Ù„Ù…Ø§Ù„ÙŠ', 'Ø¯.Ø¹Ø¨Ø¯ Ø§Ù„Ø­Ù…ÙŠØ¯ Ø·Ø§Ù„Ø¨', '', '2015-07-05', '2015-07-05', 'Ù†Ø§Ù‚Ø´Øª'),
(30, 3, '804', 'Ø¹Ø¨Ø¯ Ø§Ù„Ù„Ù‡ Ø§Ù„Ø­Ø§Ø¬ÙŠ', 'Ø§Ø«Ø± Ù…Ø®Ø§Ø·Ø± Ø³Ø¹Ø± Ø§Ù„ØµØ±Ù Ø¹Ù„Ù‰ ÙƒÙ„ Ù…Ù† Ø§Ù„Ù‚ÙŠÙ…Ø© Ø§Ù„Ø³ÙˆÙ‚ÙŠØ© Ùˆ Ø³ÙŠÙˆÙ„Ø© Ø³Ù‡Ù… Ø§Ù„Ù…ØµØ§Ø±Ù/Ø¯Ø±Ø§Ø³Ø© ØªØ·Ø¨ÙŠÙ‚ÙŠØ© Ø¹Ù„Ù‰ Ø§Ù„Ù…ØµØ§Ø±Ù Ø§Ù„ØªØ¬Ø§Ø±ÙŠØ© Ø§Ù„Ø³ÙˆØ±ÙŠØ© Ø§Ù„Ø®Ø§ØµØ©', 'Ø¯.Ø¹Ø¨Ø¯ Ø§Ù„Ø­Ù…ÙŠØ¯ Ø§Ù„ØµØ¨Ø§Øº', '', '2016-05-05', '2016-05-05', 'Ù„Ø§ Ø´Ø¦'),
(31, 2, '800', 'Ø¹Ø¨Ø¯ Ø§Ù„Ø¹Ø²ÙŠØ² Ø§Ù„Ø­ÙƒÙŠÙ…', 'Ø§Ù„Ø§ØªÙØ§Ù‚ Ø§Ù„Ù†ÙˆÙˆÙŠ ÙƒÙ…Ø­Ø¯Ø¯ Ù„Ù„Ø³ÙŠØ§Ø³Ø© Ø§Ù„Ø®Ø§Ø±Ø¬ÙŠØ© Ø§Ù„Ø¥ÙŠØ±Ø§Ù†ÙŠØ© ÙˆØªØ¯Ø§Ø¹ÙŠØ§ØªÙ‡ Ø§Ù„Ø§Ù‚ØªØµØ§Ø¯ÙŠØ©', 'Ø¯.Ù…Ø±ÙˆØ§Ù† Ø±Ø´ÙŠØ¯', '', '2016-03-13', '2016-03-13', 'Ø¬ Ø§Ø¨Ù‚Ø§Ø¡ 4+Ø§Ø¨Ù‚Ø§Ø¡ Ø®Ø§Ù…Ø³ 2908 ØŒ 2020/4/26'),
(32, 2, '803', 'Ø¯ÙŠØ§Ù† Ø¹Ø¨Ù‡ Ø¬ÙŠ', 'Ø§Ø«Ø± Ø³Ø¨Ø§Ù‚ Ø§Ù„ØªØ³Ù„Ø­ Ø¨ÙŠÙ† Ø¥ÙŠØ±Ø§Ù† ÙˆØ§Ù„Ø³Ø¹ÙˆØ¯ÙŠØ© ÙÙŠ Ø§Ù„ØªÙ†Ù…ÙŠØ© Ø§Ù„Ø§Ù‚ØªØµØ§Ø¯ÙŠØ©', 'Ø¯.Ø¹Ø¨Ø¯ Ø§Ù„Ù†Ø§ØµØ± Ù†Ø§ØµØ±', '', '2016-03-24', '2016-03-24', 'Ùƒ ÙØµÙ„'),
(33, 2, '826', 'Ù…Ø­Ù…Ø¯ Ù„Ø¨Ø§Ø¨ÙŠØ¯ÙŠ', 'ØªØ§Ø«ÙŠØ± Ø¯ÙˆÙ„Ø±Ø© Ø§Ù„Ù†Ø¸Ø§Ù… Ø§Ù„Ù†Ù‚Ø¯ÙŠ Ø§Ù„Ø¹Ø§Ù„Ù…ÙŠ ÙÙŠ Ø§Ù„Ø£Ø³ÙˆØ§Ù‚ Ø§Ù„Ù†ÙØ·ÙŠØ© Ø§Ù„Ø¹Ø§Ù„Ù…ÙŠØ©', 'Ø¯.Ø¹Ø¨Ø¯ Ø§Ù„Ù†Ø§ØµØ± Ù†Ø§ØµØ±', '', '2017-03-15', '2017-03-15', 'Ø§Ø¨Ù‚Ø§Ø¡4 /1394/ ØŒ 2020/12/30'),
(34, 2, '840', 'Ø±Ù„Ù‰ ØªÙ„Ø±ÙØ§Ø¯ÙŠ', 'Ø§Ù†Ø¹ÙƒØ§Ø³ Ø§ØªÙØ§Ù‚ÙŠØ© Ø§Ù„ØªØ¬Ø§Ø±Ø© Ø§Ù„Ø­Ø±Ø© Ø§Ù„Ø³ÙˆØ±ÙŠØ© Ø§Ù„ØªØ±ÙƒÙŠØ© Ø¹Ù„Ù‰ Ø§Ù„Ø¹Ù„Ø§Ù‚Ø§Øª Ø§Ù„Ø§Ù‚ØªØµØ§Ø¯ÙŠØ© Ø¨ÙŠÙ† Ø§Ù„Ø¨Ù„Ø¯ÙŠÙ† (2004_2016) Ù…', 'Ø¯.Ø§Ø­Ù…Ø¯ Ø²Ù‡ÙŠØ± Ø´Ø§Ù…ÙŠØ©', '', '2017-05-02', '2017-05-02', 'Ù†Ø§Ù‚Ø´Øª'),
(35, 2, '851', 'Ø´ÙŠØ±ÙŠÙ† Ø´ÙŠØ®Ùˆ', 'Ø§Ù„ØªØ¯Ø§Ø¹ÙŠØ§Øª Ø§Ù„Ø§Ù‚ØªØµØ§Ø¯ÙŠØ© Ù„Ù„Ø¬ÙˆØ¡ Ø§Ù„Ø³ÙˆØ±ÙŠ ÙÙŠ Ø§Ù„Ø§ØªØ­Ø§Ø¯ Ø§Ù„Ø£ÙˆØ±ÙˆØ¨ÙŠ/Ø§Ù„ÙˆØ§Ù‚Ø¹ ÙˆØ§Ù„Ø§ÙØ§Ù‚', 'Ø¯.Ø¹Ø¨Ø¯ Ø§Ù„Ù†Ø§ØµØ± Ù†Ø§ØµØ±', '', '2017-08-17', '2017-08-17', 'Ù„Ø§ Ø´Ø¦'),
(36, 1, '314', 'Ø¹Ø²Ø© Ø®Ø¶Ø± ØµÙ‡ÙŠÙˆÙ†ÙŠ', 'Ø¯ÙˆØ± Ø§Ù„Ù…Ø±Ø§Ø¬Ø¹Ø© ÙÙŠ Ø§Ù„ØªÙ†Ø¨Ø¤ Ø¨Ø§Ù„Ù…Ø®Ø§Ø·Ø± Ø§Ù„ÙƒØ§Ù…Ù†Ø© Ø§Ù„Ù…Ø§Ù„ÙŠØ©/Ù…ØµØ§Ø¯Ø± Ø§Ù„ØªÙ…ÙˆÙŠÙ„', 'Ø¯.Ø¹Ù„ÙŠ Ø­Ø§Ø¬ Ø¨ÙƒØ±ÙŠ', '', '2007-11-11', '2007-11-11', 'Ù„Ø§ Ø´Ø¦'),
(37, 1, '535', 'Ù†Ø§Ù‡Ø¯ Ø´ÙŠØ® Ø¹Ø¨Ø¯ Ø§Ù„Ø¬Ù„ÙŠÙ„', 'Ø§Ø«Ø± Ø§Ø³ØªØ®Ø¯Ø§Ù… Ø§Ù„Ø£ØµÙˆÙ„ ØºÙŠØ± Ø§Ù„Ù…Ù„Ù…ÙˆØ³Ø© ÙƒØ¶Ù…Ø§Ù†Ø§Øª ØªÙ…ÙˆÙŠÙ„ ÙÙŠ Ù‚ÙŠÙ…Ø© Ù…Ù†Ø´Ø¢Øª Ø§Ù„Ø¹Ù…Ù„/Ø¯Ø±Ø§Ø³Ø© Ù…ÙŠØ¯Ø§Ù†ÙŠØ© ÙÙŠ Ù…Ø­Ø§ÙØ¸Ø© Ø­Ù„Ø¨', 'Ø¯.Ù…Ø­Ù…Ø¯ Ø®Ø§Ù„Ø¯ Ø¨Ù†ÙˆØ¯', '', '2011-09-25', '2011-09-25', 'Ù„Ø§ Ø´Ø¦'),
(38, 1, '829', 'Ø£Ø³Ø§Ù…Ø© Ø§Ù„Ø²Ø¨ÙŠØ¯ÙŠ', 'Ø§Ø«Ø± ØªØ·Ø¨ÙŠÙ‚ Ø£Ø³Ø§Ù„ÙŠØ¨ Ø§Ù„Ù…Ø­Ø§Ø³Ø¨Ø© Ø§Ù„Ø¥Ø¯Ø§Ø±ÙŠØ© Ø§Ù„Ø­Ø¯ÙŠØ«Ø© ÙÙŠ ØªØ­Ø³Ù† Ø¬ÙˆØ¯Ø© Ø§Ù„Ø®Ø¯Ù…Ø§Øª Ø§Ù„ØªØ¹Ù„ÙŠÙ…ÙŠØ©/Ø¯Ø±Ø§Ø³Ø© Ù…ÙŠØ¯Ø§Ù†ÙŠØ© ÙÙŠ Ø§Ù„ÙŠÙ…Ù†', 'Ø¯.Ø®Ø§Ù„Ø¯ Ø§Ù„Ù‚Ø·ÙŠÙ†ÙŠ', '', '2011-11-01', '2011-11-01', 'ÙŠÙ…Ù†ÙŠ Ø§Ù„Ø¬Ù†Ø³ÙŠØ©'),
(39, 1, '556', 'ÙØ§Ø·Ù…Ø© ÙƒØ±Ø¯Ùˆ', 'Ù…Ø¨Ø§Ø¯Ø¦ Ø§Ø³ØªØ®Ø¯Ø§Ù… Ø£Ø³Ø§Ù„ÙŠØ¨ Ø§Ù„Ù…Ø­Ø§Ø³Ø¨Ø© Ø§Ù„Ø¥Ø¯Ø§Ø±ÙŠØ© Ø§Ù„Ø­Ø¯ÙŠØ«Ø© ÙÙŠ Ø§Ù„Ù…Ø´Ø±ÙˆØ¹Ø§Øª Ø§Ù„ØµØºÙŠØ±Ø© ÙˆØ§Ù„Ù…ØªÙˆØ³Ø·Ø© Ù…Ø­Ø¯Ø¯Ø§ØªÙ‡Ø§ ÙˆØ§Ù†Ø¹ÙƒØ§Ø³Ø§ØªÙ‡Ø§ Ø¹Ù„Ù‰ Ø§Ù„Ø£Ø¯Ø§Ø¡ /Ø¯Ø±Ø§Ø³Ø© Ù…ÙŠØ¯Ø§Ù†ÙŠØ©', 'Ø¯.Ø¹Ø¨Ø¯ Ø§Ù„Ù„Ù‡ Ù…Ø­Ù…Ø¯', '', '2012-04-29', '2012-04-29', 'Ù„Ø§ Ø´Ø¦'),
(40, 1, '629', 'Ø´ÙŠØ±ÙŠÙ† Ø¹Ø²ÙŠØ²', 'Ø§Ø«Ø± Ø±Ø§Ø³ Ø§Ù„Ù…Ø§Ù„ Ø§Ù„ÙÙƒØ±ÙŠ Ø¹Ù„Ù‰ Ø§Ù„Ø£Ø¯Ø§Ø¡ Ø§Ù„Ù…Ø§Ù„ÙŠ ÙˆØ§Ù„Ù‚ÙŠÙ…Ø© Ø§Ù„Ø³ÙˆÙ‚ÙŠØ© Ù„Ù„Ø´Ø±ÙƒØ©/Ø¯Ø±Ø§Ø³Ø© ØªØ·Ø¨ÙŠÙ‚ÙŠØ© ÙÙŠ Ø³ÙˆÙ‚ Ø¯Ù…Ø´Ù‚ Ù„Ù„Ø£ÙˆØ±Ø§Ù‚ Ø§Ù„Ù…Ø§Ù„ÙŠØ©', 'Ø¯.Ù…Ø­Ù…ÙˆØ¯ Ø§Ø¨Ø±Ø§Ù‡ÙŠÙ…', '', '2013-11-03', '2013-11-03', 'Ù„Ø§ Ø´Ø¦'),
(45, 10, 'Ù¢Ù¢Ù¢', 'Ù†ÙˆØ±', 'Ø§ÙŠ Ø´ÙŠØ¦', 'Ø¯ÙƒØªÙˆØ± ØºØ³Ø§Ù†', '', '2020-09-30', '2020-10-30', 'Ù„Ø§ Ø´ÙŠØ¡ ');

-- --------------------------------------------------------

--
-- Table structure for table `messages_debate`
--

CREATE TABLE `messages_debate` (
  `id` int(11) NOT NULL,
  `messages_id` int(11) NOT NULL,
  `supervisor_name1` text NOT NULL,
  `supervisor_desc1` text NOT NULL,
  `supervisor_name2` text NOT NULL,
  `supervisor_desc2` text NOT NULL,
  `supervisor_name3` text NOT NULL,
  `supervisor_desc3` text NOT NULL,
  `supervisor_name4` text NOT NULL,
  `supervisor_desc4` text NOT NULL,
  `supervisor_name5` text NOT NULL,
  `supervisor_desc5` text NOT NULL,
  `the_time` text NOT NULL,
  `the_date` date NOT NULL,
  `the_place` text NOT NULL,
  `pdf` text NOT NULL,
  `done` text NOT NULL
) ENGINE=MyISAM DEFAULT CHARSET=latin1;

--
-- Dumping data for table `messages_debate`
--

INSERT INTO `messages_debate` (`id`, `messages_id`, `supervisor_name1`, `supervisor_desc1`, `supervisor_name2`, `supervisor_desc2`, `supervisor_name3`, `supervisor_desc3`, `supervisor_name4`, `supervisor_desc4`, `supervisor_name5`, `supervisor_desc5`, `the_time`, `the_date`, `the_place`, `pdf`, `done`) VALUES
(13, 3, 'Ù…Ø§Ø¬Ø¯ Ù…Ø§Ø¬Ø¯', 'Ø±Ø¦ÙŠØ³', 'Ø³Ø§Ù…Ø± Ø³Ø§Ù…Ø±', 'Ù…Ø´Ø±Ù', 'Ø´Ø§Ù‡Ø± Ø´Ø§Ù‡Ø±', 'Ø¹Ø¶Ùˆ', '', 'Ø±Ø¦ÙŠØ³', '', 'Ø±Ø¦ÙŠØ³', '11:30', '2020-08-29', 'Ø§Ù„Ù‚Ø§Ø¹Ø© Ø§Ù„Ø«Ø§Ù†ÙŠØ© Ù…Ù† ÙƒÙ„ÙŠØ© Ø§Ù„Ù‡Ù†Ø¯Ø³Ø© Ø§Ù„Ù…Ø¹Ù„ÙˆÙ…Ø§ØªÙŠØ©', '../../upload/messages_876507.pdf', ''),
(14, 1, 'Ø§Ù„Ù„Ø§Øª', 'Ø±Ø¦ÙŠØ³', 'Ù„Ø¨Ù„Ø§Ø¨Ù„Ø§', 'Ø¹Ø¶Ùˆ', 'Ø¨Ù„ØªØ§Ø¨Ù„Ø§Ø¨Ù„', 'Ø¹Ø¶Ùˆ', '', 'Ø±Ø¦ÙŠØ³', '', 'Ø±Ø¦ÙŠØ³', '9:30', '2020-08-31', 'Ù‚Ø§Ø¹Ø© 3 ÙƒÙ„ÙŠØ© Ø§Ù„Ø§Ù‚ØªØµØ§Ø¯', '../../upload/messages_325607.pdf', '');

-- --------------------------------------------------------

--
-- Table structure for table `some_text`
--

CREATE TABLE `some_text` (
  `id` int(11) NOT NULL,
  `mytext` longtext NOT NULL
) ENGINE=MyISAM DEFAULT CHARSET=latin1;

--
-- Dumping data for table `some_text`
--

INSERT INTO `some_text` (`id`, `mytext`) VALUES
(1, '																																																																																																			<div style="text-align: center; direction: rtl;"><font size="6">Ø§Ù„Ø£ÙˆØ±Ø§Ù‚ Ø§Ù„Ù…Ø·Ù„ÙˆØ¨Ø©</font></div><div style="text-align: center; direction: rtl;"><font size="6"><br></font></div><div style="text-align: center; direction: rtl;"><font size="6" color="#0066ff"><b style="">Ø§Ù„Ø³Ù†Ø© Ø§Ù„Ø£ÙˆÙ„Ù‰ Ù…Ø§Ø¬Ø³ØªÙŠØ±</b></font></div><div style="text-align: center; direction: rtl;"><br></div><div style="text-align: right; direction: rtl;"><font size="2">1-&nbsp; Ù…ØµÙ†Ù Ø³Ø­Ø§Ø¨ ÙŠØ­ØªÙˆÙŠ Ø§Ù„Ø£ÙˆØ±Ø§Ù‚ Ø§Ù„Ø®Ø§ØµØ© Ù„Ù„ØªØ³Ø¬ÙŠÙ„ Ø¹Ù„Ù‰ Ø§Ù„Ù…Ø§Ø¬Ø³ØªÙŠØ±</font></div><div style="text-align: right; direction: rtl;"><font size="2">2- Ù…ØµÙ†Ù Ø¨Ù„Ø§Ø³ØªÙŠÙƒÙŠ Ù‚ÙŠØ§Ø³ /22Ã—33/</font></div><div style="text-align: right; direction: rtl;"><font size="2">3- Ù…ØµØ¯Ù‚Ø© Ø§Ù„Ù†Ø¬Ø§Ø­ ÙÙŠ Ø¯ÙˆØ±Ø© Ø§Ù„Ù„ØºØ© (Ø§Ù„Ø£ØµÙ„ÙŠØ©)+ØµÙˆØ±Ø© Ù…ØµØ¯Ù‚Ø© Ø¹Ù†Ù‡Ø§</font></div><div style="text-align: right; direction: rtl;"><font size="2">4- Ù…ØµØ¯Ù‚Ø© ØªØ®Ø±Ø¬ /Ù…ØµØ¯Ù‚Ø© Ø­Ø³Ø¨ Ø§Ù„Ø£ØµÙˆÙ„/</font></div><div style="text-align: right; direction: rtl;"><font size="2">5-ÙƒØ´Ù Ø¹Ù„Ø§Ù…Ø§Øª /Ù…ØµØ¯Ù‚ Ø­Ø³Ø¨ Ø§Ù„Ø£ØµÙˆÙ„/</font></div><div style="text-align: right; direction: rtl;"><font size="2">6-ØµÙˆØ±Ø© Ø§Ù„Ø¨Ø·Ø§Ù‚Ø© Ø§Ù„Ø´Ø®ØµÙŠØ© /Ø¹Ø¯Ø¯ 3/ Ù…Ù„ØµÙ‚ Ø¹Ù„Ù‰ ÙƒÙ„ ÙˆØ§Ø­Ø¯Ø© Ø·Ø§Ø¨Ø¹ Ù…Ø§Ù„ÙŠ</font></div><div style="text-align: right; direction: rtl;"><font size="2">7-ØµÙˆØ±Ø© Ø´Ø®ØµÙŠØ© Ø¹Ø¯Ø¯ 8</font></div><div style="text-align: right; direction: rtl;"><font size="2">8-ÙˆØ«ÙŠÙ‚Ø© ØºÙŠØ± Ø¹Ø§Ù…Ù„</font></div><div style="text-align: right; direction: rtl;"><font size="2">9-Ø±Ø³Ù… Ø§Ù„ØªØ³Ø¬ÙŠÙ„ Ø§Ù„Ù†Ø¸Ø§Ù…ÙŠ /16900/Ù„.Ø³.</font></div><div style="text-align: right; direction: rtl;"><font size="2">Ø±Ø³Ù… Ø§Ù„ØªØ³Ø¬ÙŠÙ„ Ø§Ù„Ù…ÙˆØ§Ø²ÙŠ /201900/Ù„.Ø³.</font></div><div style="text-align: right; direction: rtl;"><font size="2">ÙˆØ§Ù„Ø¨Ù†Ø§Ø¡ Ø§Ù„Ù…Ø¹Ù„Ù…ÙŠÙ† Ø§Ù„Ù…ÙˆØ§Ø²ÙŠ /161900/Ù„.Ø³ Ù…Ø¹ Ø¨ÙŠØ§Ù† Ø¥Ø«Ø¨Ø§Øª Ø¹Ø¶ÙˆÙŠØ©</font></div><div style="text-align: right; direction: rtl;"><font size="4"><br></font></div><div style="text-align: center; direction: rtl;"><b style=""><font size="6"><font color="#0099ff" style="">Ø§</font><font color="#0066ff" style="">Ù„Ø³Ù†Ø© Ø§Ù„Ø«Ø§Ù†ÙŠØ© Ù…Ø§Ø¬Ø³ØªÙŠØ±</font></font></b></div><div style="text-align: right; direction: rtl;"><font size="4"><br></font></div><h5 style="text-align: right; direction: rtl;"><font size="2">1_&nbsp; Ù…ØµÙ†Ù Ø³Ø­Ø§Ø¨ ÙŠØ­ØªÙˆÙŠ Ø§Ù„Ø£ÙˆØ±Ø§Ù‚ Ø§Ù„Ø®Ø§ØµØ© Ù„Ù„ØªØ³Ø¬ÙŠÙ„ Ø¹Ù„Ù‰ Ø§Ù„Ù…Ø§Ø¬Ø³ØªÙŠØ±</font></h5><div><div style="direction: rtl;"><font size="2">2- Ù…ØµÙ†Ù Ø¨Ù„Ø§Ø³ØªÙŠÙƒÙŠ Ù‚ÙŠØ§Ø³ /22Ã—33/</font></div><div style="direction: rtl;"><font size="2">3- Ù…ØµØ¯Ù‚Ø© Ø§Ù„Ù†Ø¬Ø§Ø­ ÙÙŠ Ø¯ÙˆØ±Ø© Ø§Ù„Ù„ØºØ© (Ø§Ù„Ø£ØµÙ„ÙŠØ©)+ØµÙˆØ±Ø© Ù…ØµØ¯Ù‚Ø© Ø¹Ù†Ù‡Ø§</font></div><div style="direction: rtl;"><font size="2">4- Ù…ØµØ¯Ù‚Ø© ØªØ®Ø±Ø¬ Ù…ØµØ¯Ù‚Ø© Ø­Ø³Ø¨ Ø§Ù„Ø£ØµÙˆÙ„ /2/</font></div><div style="direction: rtl;"><font size="2">5-ÙƒØ´Ù Ø¹Ù„Ø§Ù…Ø§Øª Ù„Ù„Ù…Ø§Ø¬Ø³ØªÙŠØ± Ù…ØµØ¯Ù‚ Ø­Ø³Ø¨ Ø§Ù„Ø£ØµÙˆÙ„/2/</font></div><div style="direction: rtl;"><font size="2">6-ØµÙˆØ±Ø© Ø§Ù„Ø¨Ø·Ø§Ù‚Ø© Ø§Ù„Ø´Ø®ØµÙŠØ© /Ø¹Ø¯Ø¯ 3/ Ù…Ù„ØµÙ‚ Ø¹Ù„Ù‰ ÙƒÙ„ ÙˆØ§Ø­Ø¯Ø© Ø·Ø§Ø¨Ø¹ Ù…Ø§Ù„ÙŠ</font></div><div style="direction: rtl;"><font size="2">7-ØµÙˆØ±Ø© Ø´Ø®ØµÙŠØ© Ø¹Ø¯Ø¯ 8</font></div></div><div style="direction: rtl;"><font size="2">4-Ø§ÙˆØ±Ø§Ù‚ Ø§Ù„Ø³ÙŠÙ…Ù†Ø§Ø±</font></div><div style="direction: rtl;"><font size="2">5-Ù…Ø®Ø·Ø· Ø§Ù„Ø¨Ø­Ø«</font></div><div style="direction: rtl;"><font size="2">6-ÙˆØ«ÙŠÙ‚Ø© Ù…Ù† Ø§Ù„Ø£Ø³ØªØ§Ø° Ø§Ù„Ù…Ø´Ø±Ù</font></div><div style="direction: rtl;"><font size="2">7-ÙˆØ«ÙŠÙ‚Ø© Ø¥Ø«Ø¨Ø§Øª Ø§Ù„Ù…ÙˆØ¶ÙˆØ¹ ØºÙŠØ± Ù…Ø·Ø±ÙˆØ­</font></div><div style="direction: rtl;"><font size="2">8-Ù‚Ø±Ø§Ø± Ù…Ø¬Ù„Ø³ Ø§Ù„ÙƒÙ„ÙŠØ© ÙˆÙ‚Ø±Ø§Ø± Ù…Ø¬Ù„Ø³ Ø§Ù„Ø¨Ø­Ø« Ø§Ù„Ø¹Ù„Ù…ÙŠ ÙˆÙ‚Ø±Ø§Ø± Ø§Ù„Ø¬Ø§Ù…Ø¹Ø© Ø¨ØªØ³Ø¬ÙŠÙ„ Ø¹Ù„Ù‰ Ø±Ø³Ø§Ù„Ø© Ù…Ø§Ø¬Ø³ØªÙŠØ±</font></div><div style="direction: rtl;"><font size="2">9-Ø±Ø³Ù… Ø§Ù„ØªØ³Ø¬ÙŠÙ„ Ø§Ù„Ù†Ø¸Ø§Ù…ÙŠ Ù…Ø³ØªØ¬Ø¯ /16900/Ù„.Ø³</font></div><div style="direction: rtl;"><font size="2">Ù‚Ø¯ÙŠÙ… /15900/Ù„.Ø³</font></div><div style="direction: rtl;">Ø§Ù„ØªØ³Ø¬ÙŠÙ„ Ø§Ù„Ù…ÙˆØ§Ø²ÙŠ Ù…Ø³ØªØ¬Ø¯ /201900/Ù„.Ø³</div><div style="direction: rtl;">Ù‚Ø¯ÙŠÙ… Ù…Ø³ØªØ¬Ø¯ /110600/Ù„.Ø³ ÙˆÙ‚Ø¯ÙŠÙ… Ø±Ø§Ø³Ø¨ /55900/Ù„.Ø³</div><div style="direction: rtl;">Ù…Ù„Ø§Ø­Ø¸Ø© Ù‡Ø§Ù…Ø© : Ø¹Ù„Ù‰ Ø§Ù„Ø·Ø§Ù„Ø¨ Ø§Ù„Ø§Ø­ØªÙØ§Ø¸ Ø¹Ù„Ù‰ Ø§ÙƒØ«Ø± Ù…Ù† Ù†Ø³Ø®Ø© Ù„Ø¯ÙŠÙ‡ Ù…Ù†:</div><div style="direction: rtl;">Ù‚Ø±Ø§Ø± Ù…Ø¬Ù„Ø³ Ø§Ù„ÙƒÙ„ÙŠØ© ÙˆÙ‚Ø±Ø§Ø± Ù…Ø¬Ù„Ø³ Ø§Ù„Ø¨Ø­Ø« Ø§Ù„Ø¹Ù„Ù…ÙŠ ÙˆÙ‚Ø±Ø§Ø± Ø§Ù„Ø¬Ø§Ù…Ø¹Ø©</div><div style="direction: rtl;">Ù…ØµØ¯Ù‚Ø© Ø§Ù„ØªØ®Ø±Ø¬</div><div style="direction: rtl;">Ù…ØµØ·ÙÙ‰ Ù†Ø¬Ø§Ø­Ù‡ Ø¨Ø¯ÙˆØ±Ø© Ø§Ù„Ù„ØºØ©</div><div style="direction: rtl;">ÙƒØ´Ù Ø¹Ù„Ø§Ù…Ø§Øª Ø§Ù„Ù…Ø§Ø¬Ø³ØªÙŠØ±</div><div style="direction: rtl;"><br></div><h4 style="text-align: center; direction: rtl;"><font size="6" style="" color="#0066ff">Ù…Ø±Ø­Ù„Ø© Ø§Ù„Ø±Ø³Ø§Ù„Ø©</font></h4><div><span style="font-size: 11px;"><br></span>Ù…ØµÙ†Ù Ø¨Ù„Ø§Ø³ØªÙŠÙƒ<br>Ù†Ù…Ø§Ø°Ø¬ /1_2_3_4_5<br>Ù…ØµØ¯Ù‚Ø© Ù†Ø¬Ø§Ø­ Ø¨Ø§Ù„Ù„ØºØ© ØµÙˆØ±Ø© Ø¹Ù†Ù‡Ø§<br>Ù…ØµØ¯Ù‚Ø© ØªØ®Ø±Ø¬ Ø¨Ø§Ù„Ø§Ø¬Ø§Ø²Ø©<br>ÙƒØ´Ù Ø¹Ù„Ø§Ù…Ø§Øª Ø§Ù„Ù…Ø§Ø¬Ø³ØªÙŠØ±<br>Ù…ØµØ¯Ù‚Ø© Ø§Ù„Ø¥Ø¬Ø§Ø²Ø© ÙÙŠ Ø§Ù„Ù…Ø§Ø¬Ø³ØªÙŠØ± Ù„Ø·Ø§Ù„Ø¨ Ø§Ù„Ø¯ÙƒØªÙˆØ±Ø§Ù‡<br>ÙˆØ«Ø§Ø¦Ù‚ Ù†Ø´Ø± Ø§Ù„Ø¨Ø­Ø«<br>ØµÙˆØ±Ø© Ø¹Ù† Ø§Ù„Ù‡ÙˆÙŠØ© Ø§Ù„Ø´Ø®ØµÙŠØ©<br>Ø§Ù„Ø³ÙŠØ±Ø© Ø§Ù„Ø°Ø§ØªÙŠØ© Ù„Ù„Ø·Ø§Ù„Ø¨<br>Ù‚Ø±Ø§Ø± Ø§Ù„Ø¨Ø­Ø« Ø§Ù„Ø¹Ù„Ù…ÙŠ Ø¨ØªØ´ÙƒÙŠÙ„ Ù„Ø¬Ù†Ø© Ø§Ù„Ø­ÙƒÙ…<br>Ù‚Ø±Ø§Ø± Ù„Ø¬Ù†Ø© Ø§Ù„Ø­ÙƒÙ… Ù…Ù† Ø´Ø¹Ø¨Ø© Ø§Ù„Ø¯Ø±Ø§Ø³Ø§Øª Ø§Ù„Ø¹Ù„ÙŠØ§<br>Ù‚Ø±Ø§Ø± Ù…Ø¬Ù„Ø³ Ø§Ù„Ø¬Ø§Ù…Ø¹Ø© +Ù‚Ø±Ø§Ø± Ù…Ø¬Ù„Ø³ Ø§Ù„Ø¨Ø­Ø« Ø§Ù„Ø¹Ù„Ù…ÙŠ Ø¨Ø§Ù„ØªØ³Ø¬ÙŠÙ„ + Ù‚Ø±Ø§Ø±Ø§Øª ØªÙ…Ø¯ÙŠØ¯ Ø¹Ø§Ù… Ø£Ùˆ ØªØ¹Ø¯ÙŠÙ„ Ø§Ø´Ø±Ø§Ù Ø£Ù† ÙˆØ¬Ø¯<br>Ø¨ÙŠØ§Ù† ÙˆØ¶Ø¹ Ù„Ù„Ø·Ø§Ù„Ø¨</div><div><br></div><div style="text-align: center;"><span style="color: rgb(0, 102, 255);"><font size="6" style=""><b style="">Ù…Ø±Ø­Ù„Ø© Ø§Ù„Ø¯ÙƒØªÙˆØ±Ø§Ø©</b></font></span></div><div style="text-align: center;"><br></div><div>Ù…ØµÙ†Ù ØªØ³Ø¬ÙŠÙ„</div><div>Ù…ØµÙ†Ù Ø¨Ù„Ø§Ø³ØªÙŠÙƒÙŠ</div><div>Ù…Ø®Ø·Ø· Ø§Ù„Ø¨Ø­Ø«</div><div>Ø§Ø³ØªÙ…Ø§Ø±Ø© Ù…Ø´Ø±ÙˆØ¹</div><div>Ù…ØµØ¯Ù‚Ø© Ù†Ø¬Ø§Ø­ Ø¨Ø§Ù„Ù…Ø´Ø±ÙˆØ¹ Ø§ØµÙ„ÙŠØ© + Ù†Ø³Ø®Ø© Ø¹Ù†Ù‡Ø§</div><div>Ù…ØµØ¯Ù‚Ø© ØªØ®Ø±Ø¬ Ø¨Ø§Ù„Ø§Ø¬Ø§Ø²Ø©</div><div>Ù…ØµØ¯Ù‚Ø© Ù…Ø§Ø¬Ø³ØªÙŠØ± Ø¹Ø¯Ø¯ 2</div><div>ÙƒØ´Ù Ø¹Ù„Ø§Ù…Ø§Øª Ù…Ø§Ø¬Ø³ØªÙŠØ± Ø¹Ø¯Ø¯ 2</div><div>Ù…Ø­Ø¶Ø± Ø¬Ù„Ø³Ø© Ø§Ù„Ø³ÙŠÙ…Ù†Ø§Ø±</div><div>ØºÙŠØ± Ù…Ø·Ø±ÙˆÙ‚</div><div>Ù†Ø´Ø± Ø§Ø¨Ø­Ø§Ø«</div><div>ØªØ¯Ù‚ÙŠÙ‚ Ø¹Ù†ÙˆØ§Ù† Ø¨Ø§Ù„Ù„ØºØ© Ø§Ù„Ø£Ø¬Ù†Ø¨ÙŠØ©&nbsp;</div><div>Ø¹Ø¯Ø¯ Ø§Ù„Ø§Ø´Ø±Ø§Ù Ù„Ù„Ø¯ÙƒØªÙˆØ± Ø§Ù„Ù…Ø´Ø±Ù +ØªØ¹Ù‡Ø¯ Ø¨Ø§Ù„Ø§Ø´Ø±Ø§Ù+Ø§Ù„ØµÙØ© Ø§Ù„Ø¹Ù„Ù…ÙŠØ© Ù„Ù„Ø¯ÙƒØªÙˆØ±</div><div>&nbsp;ICDL ÙˆØ«ÙŠÙ‚Ø©</div><div>ØµÙˆØ±Ø© Ø¹Ù† Ø§Ù„Ù‡ÙˆÙŠØ© Ø§Ù„Ø´Ø®ØµÙŠØ© Ø¹Ø¯Ø¯ 2 Ø¹Ù„ÙŠÙ‡Ø§ Ø·Ø§Ø¨Ø¹ Ù…Ø§Ù„ÙŠ</div><div>ØµÙˆØ± Ø´Ø®ØµÙŠØ© Ø¹Ø¯Ø¯ 8</div><div>Ù‚Ø±Ø§Ø± Ù…Ø¬Ù„Ø³ Ø§Ù„Ø¬Ø§Ù…Ø¹Ø©+Ù‚Ø±Ø§Ø± Ù…Ø¬Ù„Ø³ Ø§Ù„Ø¨Ø­Ø« Ø§Ù„Ø¹Ù„Ù…ÙŠ Ø¨Ø§Ù„ØªØ³Ø¬ÙŠÙ„</div><div>Ø§ÙŠØµØ§Ù„ Ù…Ø§Ù„ÙŠ Ø¨Ù…Ø¨Ù„Øº 26900</div><div>&nbsp;ÙˆØ«ÙŠÙ‚Ø© ØºÙŠØ± Ø¹Ø§Ù…Ù„ Ø£Ùˆ Ù‚Ø±Ø§Ø± Ø¥ÙŠÙØ§Ø¯ Ø£Ùˆ Ù…ÙˆØ§ÙÙ‚Ø© Ø§Ù„ÙˆØ²Ø§Ø±Ø© Ø§Ù„ØªÙŠ ØªØªØ¨Ø¹ Ù„Ù‡Ø§ Ø§Ù„Ø¬Ù‡Ø© Ø§Ù„ØªÙŠ ÙŠØ¹Ù…Ù„ Ù„Ø¯ÙŠÙ‡Ø§</div><div>ØªØ¹Ù‡Ø¯ Ø®Ø·ÙŠ Ø¨Ø¹Ø¯Ù… Ø§Ù„Ù…ØºØ§Ø¯Ø±Ø© Ù„Ø£ÙƒØ«Ø± Ù…Ù† Ø«Ù„Ø§Ø«Ø© Ø§Ø´Ù‡Ø±&nbsp;</div>																																																																																								'),
(2, '									<div style="text-align: center;"><span style="font-size: xx-large;">Ø¯Ù„ÙŠÙ„ Ø£Ø®Ù„Ø§Ù‚ÙŠØ§Øª Ø§Ù„Ø·Ø§Ù„Ø¨</span></div><div style="text-align: right;"><span style="font-size: large;">1- Ø¯Ù„ÙŠÙ„ Ø£Ø®Ù„Ø§Ù‚ÙŠØ§ 1</span></div><div style="direction: rtl; text-align: right;"><font size="4"><br></font></div><div style="direction: rtl; text-align: right;"><font size="4">2- Ø¯Ù„ÙŠÙ„ Ø£Ø®Ù„Ø§Ù‚ÙŠØ§ 2<br><br></font></div><div style="direction: rtl; text-align: right;"><font size="4">3- Ø¯Ù„ÙŠÙ„ Ø£Ø®Ù„Ø§Ù‚ÙŠØ§ 3<br><br></font></div><div style="direction: rtl; text-align: right;"><font size="4">4- Ø¯Ù„ÙŠÙ„ Ø£Ø®Ù„Ø§Ù‚ÙŠØ§ 4<br><br></font></div><div style="direction: rtl; text-align: right;"><font size="4">5- Ø¯Ù„ÙŠÙ„ Ø£Ø®Ù„Ø§Ù‚ÙŠØ§ 5</font></div>																									'),
(3, '																		<font size="5">ÙÙŠ Ù‡Ø°Ù‡ Ø§Ù„Ø³Ù†Ø© Ø³ÙˆÙ ØªØ¯Ø±Ø³ Ø¹Ø§Ù…ÙŠÙ† Ù…ØªØªØ§Ù„ÙŠÙŠÙ† ÙˆØªØ­ØªØ§Ø¬ Ø§Ù„Ù‰ Ù…Ø¬Ù‡ÙˆØ¯ ÙƒØ¨ÙŠØ± Ù„Ø§Ù†Ù‡ Ù…Ù‚Ø¯Ù…Ø© Ø§Ù„Ù‰ Ø³Ù†Ø© Ø§Ù„Ù…Ø§Ø¬Ø³ØªÙŠØ± Ùˆ Ø§Ù„Ø¯ÙƒØªÙˆØ±Ø§Ù‡ ÙˆÙ„Ù‡ Ø£Ù‡Ù…ÙŠØ© ÙÙŠ Ø¨Ø¯Ø§ÙŠØ© Ø§Ù„Ù…Ø´ÙˆØ±Ø§ Ù†Ø­Ùˆ Ø§Ù„Ø¯Ø±Ø§Ø³Ø§Øª Ø§Ù„Ø¹Ù„ÙŠØ§&nbsp;</font>																'),
(4, '<font size="5">ÙˆÙ‡ÙŠ Ø£ÙˆÙ„ Ø®Ø·ÙˆØ© Ù„Ù„Ø¯Ø±Ø§Ø³Ø§Øª Ø§Ù„Ø¹Ù„ÙŠØ§ ÙˆØªØ­ØªØ§Ø¬ Ø§Ù„Ù‰ Ù…Ø¬Ù‡ÙˆØ¯ ÙƒØ¨ÙŠÙŠØ± Ø¬Ø¯Ø£ Ø£ÙƒØ«Ø± Ù…Ù† Ø§Ù„Ø³Ù†Ø© Ø§Ù„ØªÙ…Ù‡ÙŠØ¯ÙŠØ© ÙˆØªØ­ØªÙˆÙŠ Ù…ÙˆØ§Ø¯Ù‡Ø§ Ø§Ù„ÙƒØ«ÙŠØ± Ù…Ù† Ø§Ù„Ù…Ø¹Ù„ÙˆÙ…Ø§Øª Ø§Ù„Ù…Ù‡Ù…Ø© Ø§Ù„ÙˆØ§Ø¬Ø¨ Ø§Ù„Ø§Ù†ØªØ¨Ø§Ù‡ Ø¹Ù„ÙŠÙ‡Ø§ ÙˆØ¯Ø±Ø§Ø³ØªÙ‡Ø§ Ø¨Ø´ÙƒÙ„ Ù…ØªÙ‚Ù†&nbsp;</font>'),
(5, '									<font size="5">ÙˆÙ‡ÙŠ Ø³Ù†Ø© Ø§Ù„Ù†ØªÙŠØ¬Ø© Ø§Ù„ÙØ¹Ù„ÙŠØ© Ù„Ø¯Ù‰ Ø·Ø±ÙŠÙ‚ Ø§Ù„Ø¯Ø±Ø§Ø³Ø© Ø§Ù„Ø·ÙˆÙŠÙ„ Ø§Ù„Ø°ÙŠ Ø§Ø¬ØªØ²ØªÙ‡ ÙÙŠ Ù…Ø´ÙˆØ§Ø± Ø§Ù„Ø¯Ø±Ø§Ø³Ø© ÙˆØ§Ù„Ø¹Ù…Ù„ ÙÙŠ Ù‡Ø°Ø§ Ø§Ù„Ù…Ø¬Ø§Ù„ ÙˆÙ‡ÙŠ Ø«Ù…Ø§Ø± Ø§Ù„Ø¹Ù…Ù„ Ø§Ù„Ø´Ø§Ù‚ Ø·ÙŠÙ„Ø© Ù‡Ø°Ù‡ Ø§Ù„Ø³Ù†ÙŠÙ†&nbsp;</font>								');

-- --------------------------------------------------------

--
-- Table structure for table `students`
--

CREATE TABLE `students` (
  `id` int(11) NOT NULL,
  `name` text NOT NULL,
  `father` text NOT NULL,
  `bdate` date NOT NULL,
  `sex` text NOT NULL,
  `place` text NOT NULL,
  `num` text NOT NULL,
  `depa_id` int(11) NOT NULL
) ENGINE=MyISAM DEFAULT CHARSET=latin1;

--
-- Dumping data for table `students`
--

INSERT INTO `students` (`id`, `name`, `father`, `bdate`, `sex`, `place`, `num`, `depa_id`) VALUES
(11, 'ÙŠØ§Ø±Ø§ Ø§Ù„Ø¹Ø·ÙŠØ©', 'Ø¹Ø§Ù…Ø±', '0000-00-00', 'Ø§ÙˆÙ†Ø«Ù‰', 'Ø§Ø¯ÙˆÙ†ÙŠØ³', '22601', 7),
(57, 'Ø¯Ø§Ù†ÙŠØ© Ø¹ÙŠØ§Ø´ÙŠ', 'ÙÙ‡Ø¯', '0000-00-00', 'Ø§ÙˆÙ†Ø«Ù‰', 'Ø§Ù„ÙØ±Ù‚Ø§Ù†', '22677', 9),
(13, 'Ù„Ù‚Ù…Ø§Ù† Ø§Ù„Ø§ØºØ§', 'ÙƒÙ…Ø§Ù„', '2020-10-28', 'Ø°ÙƒØ±', 'Ø­Ù„Ø¨ - Ø§Ù„Ø­Ù…Ø¯Ø§Ù†ÙŠØ© - Ø§Ù„Ø­ÙŠ Ø§Ù„Ø±Ø§Ø¨Ø¹', '3243', 2),
(15, 'Ø§Ù†Ø³ Ø´ÙŠØ§Ø­', 'Ø­Ø³Ø§Ù…', '0000-00-00', 'Ø°ÙƒØ±', 'Ø§Ù„Ù…Ø­Ø§ÙØ¸Ø©', '22580', 2),
(16, 'Ø³Ù…Ø± Ø¨Ø­Ø±', 'ØºÙŠØ«', '0000-00-00', 'Ø§ÙˆÙ†Ø«Ù‰', 'Ø§Ù„Ø¹Ø²ÙŠØ²ÙŠØ©', '22451', 2),
(17, 'Ø´Ù‡Ø¯ Ø¹ÙˆÙŠØ¬Ø©', 'Ø¹ÙŠØ¯', '0000-00-00', 'Ø§ÙˆÙ†Ø«Ù‰', 'ØµÙ„Ø§Ø­ Ø§Ù„Ø¯ÙŠÙ†', '22647', 2),
(18, 'Ø¹Ø¨Ø¯Ø§Ù„Ù„Ù‡ Ø¨Ø±ÙŠ', 'Ø±ÙŠØ§Ø¶', '0000-00-00', 'Ø°ÙƒØ±', 'Ø§Ù„Ù…Ø´Ù‡Ø¯', '22821', 2),
(55, 'ÙŠØ§Ø³ÙŠÙ† Ø§Ø¯Ù„Ø¨ÙŠ', 'ØªØ­Ø³ÙŠÙ†', '0000-00-00', 'Ø°ÙƒØ±', 'Ø§Ù„Ù…Ù„Ø¹Ø¨', '22777', 10),
(20, 'Ø§Ø­Ù…Ø¯ Ø­Ù„ÙŠ', 'Ø¨Ù„Ø§Ù„', '0000-00-00', 'Ø°ÙƒØ±', 'Ø§Ø¯ÙˆÙ†ÙŠØ³', '22157', 8),
(21, 'Ø§Ù„Ø§Ø¡ Ø­Ø§Ù', 'Ø²Ù‡ÙŠØ±', '0000-00-00', 'Ø§ÙˆÙ†Ø«Ù‰', 'Ø§Ù„Ù…Ø´Ø§Ø±Ù‚Ø©', '22497', 8),
(22, 'Ø±ÙˆØ§Ù† Ø§ÙˆØ³Ùˆ', 'Ø³Ø¹ÙŠØ¯', '0000-00-00', 'Ø§ÙˆÙ†Ø«Ù‰', 'Ø§Ù„Ø¬Ù…ÙŠÙ„ÙŠØ©', '22803', 8),
(23, 'Ù…ØµØ·ÙÙ‰ Ø®Ø·ÙŠØ¨', 'Ø¬ÙˆØ§Ø¯', '0000-00-00', 'Ø°ÙƒØ±', 'Ø§Ù„Ø³Ù„ÙŠÙ…Ø§Ù†ÙŠØ©', '22341', 8),
(59, 'Ù…Ø­Ù…Ø¯ Ø¨Ø§Ø´', 'Ø¨Ù„Ø§Ù„', '0000-00-00', 'Ø°ÙƒØ±', 'Ø§Ø¯ÙˆÙ†ÙŠØ³', '22999', 9),
(58, 'ÙŠÙˆØ³Ù Ø§Ù†ÙŠØ³ Ù‚Ø±Ù‚Ù†Ø§ÙˆÙŠ', 'Ø­Ø³Ø§Ù…', '0000-00-00', 'Ø°ÙƒØ±', 'Ø§Ø¯ÙˆÙ†ÙŠØ³', '22744', 9),
(28, 'Ù‡Ø§Ù†ÙŠ Ø¹Ø¨Ø¯Ø§Ù„Ù„Ù‡', 'Ù…Ø­Ù…Ø¯', '0000-00-00', 'Ø°ÙƒØ±', 'Ø´Ø§Ø±Ø¹ Ø§Ù„Ù†ÙŠÙ„', '22538', 9),
(29, 'Ù…Ø­Ù…Ø¯ ØµØ§Ù„Ø­ Ø®Ø±Ø¨ÙˆØ·Ù„ÙŠ', 'Ù…Ø­Ù…ÙˆØ¯', '0000-00-00', 'Ø°ÙƒØ±', 'Ø§Ù„ØªÙ„Ù„', '22708', 9),
(30, 'Ø§Ù…Ø§Ù†ÙŠ ÙÙŠØ§Ø¶', 'Ù„Ø¤ÙŠ', '0000-00-00', 'Ø§ÙˆÙ†Ø«Ù‰', 'Ø§Ù„Ø­ÙŠØ¯Ø±ÙŠØ©', '22311', 7),
(31, 'Ø§Ù†Ø³ Ø§Ø¨Ùˆ Ø¨ÙƒØ±', 'ÙØ§Ø±ÙˆÙ‚', '0000-00-00', 'Ø°ÙƒØ±', 'Ø§Ù„Ù‡Ù„Ùƒ', '22512', 7),
(32, 'Ø±Ø¤Ù‰ ØªÙˆØªÙˆÙ†Ø¬ÙŠ', 'ØºÙŠØ§Ø«', '0000-00-00', 'Ø§ÙˆÙ†Ø«Ù‰', 'Ø§Ù„Ø´Ø¹Ø§Ø±', '22921', 7),
(33, 'Ø±ÙŠÙ… Ø¬Ù„ÙŠÙ„Ø§ØªÙŠ', 'Ø·Ø§Ø±Ù‚', '0000-00-00', 'Ø§ÙˆÙ†Ø«Ù‰', 'Ø§Ù„Ø³ÙƒØ±ÙŠ', '22741', 7),
(56, 'Ø­Ø³Ù† Ø¬Ø§Ø³Ù…', 'Ù…Ø¹ÙŠÙ†', '0000-00-00', 'Ø°ÙƒØ±', 'Ø§Ø¯ÙˆÙ†ÙŠØ³', '22949', 8),
(35, 'Ø¨Ø§Ø³Ù„ Ø³Ø±ÙˆØ©', 'ÙØ±Ø§Ø³', '0000-00-00', 'Ø°ÙƒØ±', 'Ø§Ù„Ø´Ù‡Ø¨Ø§Ø¡', '22765', 3),
(36, 'Ø¹Ù„ÙŠØ§Ø¡ Ø­Ø³ÙˆÙ†', 'Ø·Ù„Ø§Ù„', '0000-00-00', 'Ø§ÙˆÙ†Ø«Ù‰', 'Ø§Ù„Ø­Ù…Ø¯Ø§Ù†ÙŠØ©', '22135', 3),
(37, 'Ù„Ù…Ù‰ Ø­Ù…ØµÙŠ', 'Ø¸Ø§ÙØ±', '0000-00-00', 'Ø§ÙˆÙ†Ø«Ù‰', 'Ø§Ù„Ø´ÙŠØ® Ù…Ù‚ØµÙˆØ¯', '22702', 3),
(38, 'Ù…Ø¬Ø¯ Ø§Ù„Ø¯ÙŠÙ† Ø­Ù…ØµÙŠ', 'Ø¸Ø§ÙØ±', '0000-00-00', 'Ø°ÙƒØ±', 'Ø§Ù„Ø´ÙŠØ® Ù…Ù‚ØµÙˆØ¯', '22555', 3),
(39, 'ÙˆÙ„Ø§Ø¡ Ø³Ø±Ø¬', 'Ø§Ù…Ø¬Ø¯', '0000-00-00', 'Ø§ÙˆÙ†Ø«Ù‰', 'Ø§Ù„ØµØ§Ø®ÙˆØ±', '22656', 3),
(40, 'Ø¯Ø§Ù†ÙŠØ§ Ø§Ù„Ø­Ù…ÙˆØ¯', 'Ø­Ø§Ù…Ø¯', '0000-00-00', 'Ø§ÙˆÙ†Ø«Ù‰', 'Ø§Ù„Ø§Ø¹Ø¸Ù…ÙŠØ©', '22222', 1),
(41, 'Ø¹Ø¨Ø¯ Ø§Ù„Ø±Ø­Ù…Ù† Ø§Ù„Ø¨Ø§Ø´Ø§', 'ØµÙ„Ø§Ø­', '0000-00-00', 'Ø°ÙƒØ±', 'Ø¨Ø³ØªØ§Ù† Ø§Ù„Ù‚ØµØ±', '22323', 1),
(42, 'Ù„Ø¨Ù†Ù‰ Ù…Ø­ÙˆÙƒ', 'Ù†Ø§ØµØ±', '0000-00-00', 'Ø§ÙˆÙ†Ø«Ù‰', 'Ø¨Ø³ØªØ§Ù† Ø§Ù„Ø²Ù‡Ø±Ø©', '22142', 1),
(43, 'Ù…Ø­Ù…Ø¯ ØµØ¨Ø§Øº', 'ØºÙØ§Ø±', '0000-00-00', 'Ø°ÙƒØ±', 'Ø¨Ø§Ø¨ Ø§Ù„Ø­Ø¯ÙŠØ¯', '22656', 1),
(44, 'Ù†Ø§Ø¯Ø± Ø±Ø§Ø¬Ø­', 'Ø¬Ø§Ø¯', '0000-00-00', 'Ø°ÙƒØ±', 'Ø§Ù„Ø¬Ø¯ÙŠØ¯Ø©', '22515', 1),
(45, 'Ø§Ø±ÙŠØ¬ Ø¬Ù…Ùˆ', 'Ø­Ø³ÙŠÙ†', '0000-00-00', 'Ø§ÙˆÙ†Ø«Ù‰', 'Ø­Ù„Ø¨ Ø§Ù„Ø¬Ø¯ÙŠØ¯Ø©', '22446', 5),
(46, 'Ø¨Ø±Ø§Ø¡ Ø§Ù„Ø´Ù‡Ø§Ø¨ÙŠ', 'Ø¬Ù…ÙŠÙ„', '0000-00-00', 'Ø§ÙˆÙ†Ø«Ù‰', 'Ø­Ù„Ø¨ Ø§Ù„Ù‚Ø¯ÙŠÙ…Ø©', '22233', 5),
(47, 'Ø±ÙˆÙ„Ø§ Ù…Ø­ÙÙˆØ¶', 'ØªÙŠÙ…', '0000-00-00', 'Ø§ÙˆÙ†Ø«Ù‰', 'Ø§Ù„Ø§Ø³Ù…Ø§Ø¹ÙŠÙ„ÙŠÙ‡', '22616', 5),
(54, 'Ø¹Ø¨Ø¯Ø§Ù„Ø±Ø­Ù…Ù† Ø¹Ù„ÙŠ', 'Ù‡Ø§Ø¯ÙŠ', '0000-00-00', 'Ø°ÙƒØ±', 'Ø§Ù„Ù…Ø´Ø§Ø±Ù‚Ø©', '22623', 5),
(49, 'Ù…Ø­Ù…Ø¯ ØµÙ„Ø§Ø­ Ø°ÙƒØ±Øª', 'ÙƒØ§Ù…Ù„', '0000-00-00', 'Ø°ÙƒØ±', 'Ø§Ù„ÙÙŠØ¶', '22111', 5),
(50, 'Ø­Ù…Ø¯ Ù…Ø¬Ø¯ Ø§Ù„Ø¬Ù…ÙŠÙ„ÙŠ', 'ØªÙˆÙÙŠÙ‚', '0000-00-00', 'Ø°ÙƒØ±', 'Ø§Ù„Ø¨Ù„ÙŠØ±Ù…ÙˆÙ†', '22556', 10),
(51, 'Ø¹Ù„Ø§Ø¡ Ø§Ù„Ø¯ÙŠÙ† Ø§Ù„Ø¹Ù„ÙŠ', 'Ù†ØµØ±', '0000-00-00', 'Ø°ÙƒØ±', 'Ø§Ø¯ÙˆÙ†ÙŠØ³', '22999', 10),
(52, 'ÙˆÙ„Ø§Ø¡ Ø®ÙŠØ§Ø·Ø©', 'Ø¹Ù„Ø§Ø¡', '0000-00-00', 'Ø§ÙˆÙ†Ø«Ù‰', 'Ø§Ù„ÙØ±Ù‚Ø§Ù†', '22888', 10),
(53, 'Ù…ØµØ·ÙÙ‰ Ø¬Ø¨Ø§Ø±Ø©', 'Ù†Ù…Ø±', '0000-00-00', 'Ø°ÙƒØ±', 'Ø§Ù„Ù…Ø­Ø§ÙØ¸Ø©', '22444', 10),
(61, 'Ù†ÙˆØ±', 'Ø¬Ù…Ø§Ù„', '2020-10-30', 'Ø§ÙˆÙ†Ø«Ù‰', '', 'Ù¢Ù¢Ù¢', 10);

-- --------------------------------------------------------

--
-- Table structure for table `subjects`
--

CREATE TABLE `subjects` (
  `id` int(11) NOT NULL,
  `depa_id` int(11) NOT NULL,
  `name` text NOT NULL
) ENGINE=MyISAM DEFAULT CHARSET=latin1;

--
-- Dumping data for table `subjects`
--

INSERT INTO `subjects` (`id`, `depa_id`, `name`) VALUES
(4, 1, 'Ù…Ø´ÙƒÙ„Ø§Øª Ù…Ø­Ø§Ø³Ø¨ÙŠØ© Ù…Ø¹Ø§ØµØ±Ø©'),
(3, 1, 'Ø§Ù„Ù†Ø¸Ø±ÙŠØ© Ø§Ù„Ù…Ø­Ø§Ø³Ø¨ÙŠØ©'),
(5, 1, 'Ø§Ù„Ù…Ø­Ø§Ø³Ø¨Ø© Ø§Ù„Ø§Ø¯Ø§Ø±ÙŠØ© Ø§Ù„Ù…ØªÙ‚Ø¯Ù…Ø©'),
(6, 1, 'Ù†Ø¸Ù… Ù…Ø¹Ù„ÙˆÙ…Ø§Øª Ù…Ø­Ø§Ø³Ø¨ÙŠØ©'),
(7, 1, 'Ù†Ø¸Ø±ÙŠØ© Ø§Ù„Ù…Ø±Ø§Ø¬Ø¹Ø©'),
(8, 8, 'Ø§Ù„Ø·Ø±Ù‚ Ø§Ù„Ø±ÙŠØ§Ø¶ÙŠØ© ÙÙŠ Ø§Ù„Ø§Ù‚ØªØµØ§Ø¯'),
(9, 8, 'Ø§Ù„Ø¹Ù„Ø§Ù‚Ø§Øª Ø§Ù„Ø§Ù‚ØªØµØ§Ø¯ÙŠØ© Ø§Ù„Ø¯ÙˆÙ„ÙŠØ©'),
(10, 8, 'Ø§Ù„Ø§Ù‚ØªØµØ§Ø¯ Ø§Ù„Ù…Ø¹Ø±ÙÙŠ'),
(11, 8, 'Ø§Ù„Ø§Ù‚ØªØµØ§Ø¯ Ø§Ù„Ø³ÙŠØ§Ø³ÙŠ ÙˆØ§Ù„Ù†Ø¸Ø±ÙŠØ§Øª Ø§Ù„Ø§Ù‚ØªØµØ§Ø¯ÙŠØ©'),
(12, 8, 'Ù…Ø´ÙƒÙ„Ø§Øª Ø§Ù„ØªÙ†Ù…ÙŠØ© ÙˆØ§Ù‚ØªØµØ§Ø¯ÙŠØ§Øª Ø§Ù„ÙˆØ·Ù† Ø§Ù„Ø¹Ø±Ø¨ÙŠ'),
(13, 3, 'Ø§Ø¯Ø§Ø±Ø© Ø§Ù„Ù…ØµØ§Ø±Ù ÙˆØ§Ù„Ø¹Ù…Ù„ÙŠØ§Øª Ø§Ù„Ù…ØµØ±ÙÙŠØ©'),
(14, 3, 'Ø§Ø¯Ø§Ø±Ø© Ø§Ù„Ù…Ø®Ø§Ø·Ø± ÙˆØ§Ù„Ø§Ù†ØªÙ…Ø§Ø¡ Ø§Ù„Ù…ØµØ±ÙÙŠ'),
(15, 3, 'Ø§Ù„Ø£Ø³ÙˆØ§Ù‚ Ø§Ù„Ù…Ø§Ù„ÙŠØ© Ø§Ù„Ù†Ù‚Ø¯ÙŠØ©'),
(16, 3, 'ØªØ­ÙˆÙŠÙ„ Ø§Ù„Ø´Ø±ÙƒØ§Øª'),
(17, 3, 'ØªØ­Ù„ÙŠÙ„ Ø§Ù„Ø§Ø³ØªØ«Ù…Ø§Ø± ÙˆØ§Ø¯Ø§Ø±Ø© Ø§Ù„Ù…Ø­Ø§ÙØ¸ Ø§Ù„Ø§Ø³ØªØ«Ù…Ø§Ø±ÙŠØ©'),
(18, 9, 'Ø§Ù„ØªØ³ÙˆÙŠÙ‚ Ø§Ù„Ø¯ÙˆÙ„ÙŠ'),
(19, 9, 'Ø¨Ø­ÙˆØ« Ø§Ù„ØªØ³ÙˆÙŠÙ‚'),
(20, 9, 'Ø§Ù„Ø§ØªØµØ§Ù„Ø§Øª Ø§Ù„ØªØ³ÙˆÙŠÙ‚ÙŠØ© Ø§Ù„Ù…ØªÙƒØ§Ù…Ù„Ø©'),
(21, 9, 'Ø³Ù„ÙˆÙƒ Ø§Ù„Ù…Ø³ØªÙ‡Ù„Ùƒ'),
(22, 9, 'ØªØ³ÙˆÙŠÙ‚ Ø§Ù„Ø®Ø¯Ù…Ø§Øª'),
(23, 7, 'Ù†Ø¸Ø±ÙŠØ© Ø§Ù„Ø§Ø¯Ø§Ø±Ø©'),
(24, 7, 'Ø§Ø¯Ø§Ø±Ø© Ù…Ø§Ù„ÙŠØ©'),
(25, 7, 'Ø§Ø³ØªØ±Ø§ØªÙŠØ¬ÙŠØ§Øª Ø§Ù„ØªØ³ÙˆÙŠÙ‚'),
(26, 7, 'Ø§Ø¯Ø§Ø±Ø© Ø§Ù„Ù…ÙˆØ§Ø±Ø¯ Ø§Ù„Ø¨Ø´Ø±ÙŠØ©'),
(27, 7, 'Ø§Ø¯Ø§Ø±Ø© Ø§Ù„Ø¹Ù…Ù„ÙŠØ§Øª Ø§Ù„Ø§Ù†ØªØ§Ø¬ÙŠØ©'),
(28, 7, 'Ø§Ø¯Ø§Ø±Ø© Ø§Ø³ØªØ±Ø§ØªÙŠØ¬ÙŠØ©'),
(29, 2, 'Ø§Ù„Ø¬ØºØ±Ø§ÙÙŠØ© Ø§Ù„Ø§Ù‚ØªØµØ§Ø¯ÙŠØ© ÙˆØ§Ù„Ø³ÙŠØ§Ø³ÙŠØ© Ù„Ù„Ù…Ù†Ø·Ù‚Ø© Ø§Ù„Ø¹Ø±Ø¨ÙŠØ©'),
(30, 2, 'Ø§Ù„Ø¹Ù„Ø§Ù‚Ø§Øª Ø§Ù„Ø§Ù‚ØªØµØ§Ø¯ÙŠØ© Ø§Ù„Ø¯ÙˆÙ„ÙŠØ©'),
(31, 2, 'Ø£Ø³Ø§Ø³ÙŠØ§Øª Ø§Ù„Ø§Ù‚ØªØµØ§Ø¯ Ø§Ù„Ø¯ÙˆÙ„ÙŠ'),
(32, 2, 'Ø¹Ù„Ù… Ø§Ù„Ø³ÙŠØ§Ø³Ø©'),
(33, 2, 'Ø§Ù„Ù‚Ø§Ù†ÙˆÙ† Ø§Ù„Ø¯ÙˆÙ„ÙŠ'),
(34, 2, 'Ù†Ø¸Ø±ÙŠØ© Ø§Ù„Ø¹Ù„Ø§Ù‚Ø§Øª Ø§Ù„Ø¯ÙˆÙ„ÙŠØ©'),
(35, 10, 'Ù…Ù†Ù‡Ø¬ÙŠØ§Øª Ù…Ø¹Ø§ØµØ±Ø© ÙÙŠ ØªØ­Ù„ÙŠÙ„ Ø§Ù„Ù†Ø¸Ù…'),
(36, 10, 'Ù†Ø¸Ù… Ø¯Ø¹Ù… Ø§Ù„Ù‚Ø±Ø§Ø±Ø§Øª Ø§Ù„Ù…ØªÙ‚Ø¯Ù…Ø©'),
(37, 10, 'Ù‚ÙˆØ§Ø¹Ø¯ Ø¨ÙŠØ§Ù†Ø§Øª Ù…ØªÙ‚Ø¯Ù…Ø©'),
(38, 10, 'Ø§Ù„Ø£Ø¹Ù…Ø§Ù„ Ø§Ù„Ø§Ù„ÙƒØªØ±ÙˆÙ†ÙŠØ©'),
(39, 10, 'Ù„ØºØ© Ø¨Ø±Ù…Ø¬ÙŠØ© Ø­Ø¯ÙŠØ«Ø©'),
(40, 5, 'Ø§Ù„Ø£Ø³Ø§Ù„ÙŠØ¨ Ø§Ù„ÙƒÙ…ÙŠØ© ÙÙŠ Ø§Ù„Ø³ÙƒØ§Ù†'),
(41, 5, 'Ø§Ù„Ø³ÙƒØ§Ù† ÙˆØ§Ù„ØªÙ†Ù…ÙŠØ© Ø§Ù„Ø¨Ø´Ø±ÙŠØ©'),
(42, 5, 'Ø§Ù„Ø§Ø­ØµØ§Ø¡ Ø§Ù„Ø¯ÙŠÙ…ÙˆØºØ±Ø§ÙÙŠ'),
(43, 5, 'Ø§Ù„Ø³ÙƒØ§Ù† ÙˆØ§Ù„ØªØ®Ø·ÙŠØ· Ø§Ù„Ø§Ù‚ØªØµØ§Ø¯ÙŠ'),
(44, 5, 'Ø¹Ù„Ù… Ø§Ù„Ø³ÙƒØ§Ù†'),
(47, 10, 'Ù…Ø´Ø±ÙˆØ¹ Ø§Ù„Ø¨Ø­Ø«'),
(48, 9, 'Ù…Ø´Ø±ÙˆØ¹ Ø§Ù„Ø¨Ø­Ø«'),
(49, 8, 'Ù…Ø´Ø±ÙˆØ¹ Ø§Ù„Ø¨Ø­Ø«'),
(50, 7, 'Ù…Ø´Ø±ÙˆØ¹ Ø§Ù„Ø¨Ø­Ø«'),
(51, 5, 'Ù…Ø´Ø±ÙˆØ¹ Ø§Ù„Ø¨Ø­Ø«'),
(52, 3, 'Ù…Ø´Ø±ÙˆØ¹ Ø§Ù„Ø¨Ø­Ø«'),
(53, 2, 'Ù…Ø´Ø±ÙˆØ¹ Ø§Ù„Ø¨Ø­Ø«'),
(54, 1, 'Ù…Ø´Ø±ÙˆØ¹ Ø§Ù„Ø¨Ø­Ø«');

-- --------------------------------------------------------

--
-- Table structure for table `theses`
--

CREATE TABLE `theses` (
  `id` int(11) NOT NULL,
  `depa_id` int(11) NOT NULL,
  `university_no` text NOT NULL,
  `name` text NOT NULL,
  `title` text NOT NULL,
  `supervisor_name` text NOT NULL,
  `supervisor_name1` text NOT NULL,
  `registration_date` date NOT NULL,
  `grant_date` date NOT NULL,
  `comments_data` text NOT NULL
) ENGINE=MyISAM DEFAULT CHARSET=latin1;

--
-- Dumping data for table `theses`
--

INSERT INTO `theses` (`id`, `depa_id`, `university_no`, `name`, `title`, `supervisor_name`, `supervisor_name1`, `registration_date`, `grant_date`, `comments_data`) VALUES
(3, 10, '218', 'Ù‡Ø§Ù„Ø© Ù‡Ø§Ø´Ù…', 'Ù†Ù…Ø°Ø¬Ø© Ø§Ù„Ø¹ÙˆØ§Ù…Ù„ Ø§Ù„Ù…Ø¤Ø«Ø±Ø© ÙÙŠ Ù†Ù…Ùˆ Ø§Ù„Ù‚ÙˆØ© Ø§Ù„Ø¹Ø§Ù…Ù„Ø© Ø¨Ø§Ø³ØªØ®Ø¯Ø§Ù… Ø§Ù„ØªØ­Ù„ÙŠÙ„ Ø§Ù„Ø§Ø­ØµØ§Ø¦ÙŠ Ù…ØªØ¹Ø¯Ø¯ Ø§Ù„ØªØºÙŠØ±Ø§Øª', 'Ø¯.Ø§Ù…ÙŠØ±Ø© Ø¹Ø¨ÙŠØ¯Ùˆ', '', '2013-11-03', '2013-11-03', 'Ø§ÙŠÙ‚Ø§Ù Ù‚.Ù….Ùƒ ØŒ Ø¬ Ø¨Ù‚Ø§Ø¡ Ù‚ÙŠØ¯ Ø¹Ø§Ù… Ø®Ø§Ù…Ø³ ØŒ 2276 ØŒ 2019/2/10 ØŒ Ø¥Ø¬Ø§Ø²Ø© Ø¨Ù„Ø§ Ø§Ø¬Ø±'),
(4, 10, '230', 'Ù…Ø­Ù…Ø¯ Ù„Ø¤ÙŠ Ø¯Ù‡Ø§Ù†', 'Ø§Ù„Ù…Ø«Ù„ÙˆÙŠØ© ÙÙŠ ÙƒÙØ§Ø¡Ø© Ø§Ù„Ø´Ø¨ÙƒØ§Øª Ø§Ù„Ø¹ØµØ¨ÙˆÙ†ÙŠØ© Ø§Ù„Ù…Ø³ØªØ®Ø¯Ù…Ø© ÙÙŠ Ø§Ù„ØªØµÙ†ÙŠÙ Ø¨Ø§Ù„ØªØ·Ø¨ÙŠÙ‚ Ø¹Ù„Ù‰ Ø¥Ø¯Ø§Ø±Ø© Ø¹Ù„Ø§Ù‚Ø© Ø§Ù„Ø¹Ù…Ù„Ø§Ø¡', 'Ø¯.ÙŠØ§Ø³Ø± Ø§Ù„Ù…ÙˆØ³Ù‰', '', '2015-12-10', '2015-12-10', 'Ø§Ø¨Ù‚Ø§Ø¡ Ø®Ø§Ù…Ø³ ÙˆØ§Ø®ÙŠØ± Ù‚.Ø¬ 791'),
(8, 8, '221', 'Ø±Ø§Ø¦Ø¯Ø© Ø§Ø¨Ø±Ø§Ù‡ÙŠÙ…', 'Ø§Ù„Ø¯ÙˆØ± Ø§Ù„ØªÙƒØ§Ù…Ù„ÙŠ Ù„Ù„Ù‚Ø·Ø§Ø¹ÙŠÙ† Ø§Ù„Ø¹Ø§Ù… ÙˆØ§Ù„Ø®Ø§Øµ ÙÙŠ Ø¹Ù…Ù„ÙŠØ© Ø§Ù„ØªÙ†Ù…ÙŠØ© Ø§Ù„Ø§Ù‚ØªØµØ§Ø¯ÙŠØ© ÙˆØ§Ù„Ø§Ø¬ØªÙ…Ø§Ø¹ÙŠØ© ÙÙŠ Ø³ÙˆØ±ÙŠØ©', 'Ø¯.Ø§Ø­Ù…Ø¯ Ø²Ù‡ÙŠØ± Ø´Ø§Ù…ÙŠØ©', '', '2015-05-13', '2015-05-13', 'Ù…Ø¹ÙŠØ¯Ø© ØŒØ§Ù†Ø°Ø§Ø± 1 ØŒ Ø¬ Ø§Ø¨Ù‚Ø§Ø¡ 5'),
(5, 10, '242', 'Ù†Ø³Ø±ÙŠÙ† Ø³Ù„Ø·Ø§Ù†', 'Ø¨Ù†Ø§Ø¡ Ù†Ø¸Ø§Ù… Ø°ÙƒÙŠ Ù„Ø¥Ø¯Ø§Ø±Ø© Ø§Ù„Ù…Ø­Ø§ÙØ¸ Ø§Ù„Ø§Ø³ØªØ«Ù…Ø§Ø±ÙŠØ©/ØªØ·Ø¨ÙŠÙ‚ Ø¹Ù„Ù‰ Ø³ÙˆÙ‚ Ø§ÙˆØ±Ø§Ù‚ Ù…Ø§Ù„ÙŠØ©', 'Ø¯.Ø§Ø¨Ø±Ø§Ù‡ÙŠÙ… Ù†Ø§Ø¦Ø¨', 'Ø¯.Ø·Ù‡ Ø§Ù„Ù…Ø±Ø´Ø¯', '2016-05-05', '2016-05-05', 'Ù†Ø§Ù‚Ø´Øª'),
(7, 10, '272', 'Ø±Ù‡Ù Ø­Ø±ÙŠØ±ÙŠ Ø±ÙØ§Ø¹ÙŠ', 'Ø¨Ù†Ø§Ø¡ Ù†Ù…ÙˆØ°Ø¬ Ù„ØªÙ‚ÙŠÙŠÙ… ÙˆØªØ­Ø³ÙŠÙ† Ø§Ø¯Ø§Ø¡ ØµÙ†Ø§Ø¯ÙŠÙ‚ Ø§Ù„ØªÙ‚Ø§Ø¹Ø¯ ÙÙŠ Ø³ÙˆØ±ÙŠØ©', 'Ø¯.Ø¹Ø¨Ø¯ Ø§Ù„Ø±Ø­Ù…Ù† Ø§Ù„Ø§Ø­Ù…Ø¯ Ø§Ù„Ø¹Ø¨ÙŠØ¯', 'Ø¯.Ù†ÙˆØ± Ø§Ù„Ø­Ù…ÙŠØ¯ÙŠ', '2018-04-22', '2019-12-14', 'ØªØ¬Ù…ÙŠØ¯ Ø¥ÙŠÙØ§Ø¯ Ø¹Ø§Ù… ØŒ Ùƒ ØªÙ…Ø¯ÙŠØ¯ 6 Ø§Ø´Ù‡Ø± Ù…Ù† 2019/6/7'),
(6, 10, '261', 'Ù…Ø­Ù…Ø¯ ØµØ¯ÙŠÙ‚', 'ØªØ·Ø¨ÙŠÙ‚ Ù†Ø¸Ø§Ù… Ø®Ø¨ÙŠØ± Ù„Ø¯Ø¹Ù… Ù‚Ø±Ø§Ø±Ø§Øª Ø§Ù„ØªØ¯Ø§ÙˆÙ„ ÙÙŠ Ø§Ù„Ø£Ø³ÙˆØ§Ù‚ Ø§Ù„Ù…Ø§Ù„ÙŠØ© Ø¨Ø§Ù„Ø§Ø¹ØªÙ…Ø§Ø¯ Ø¹Ù„Ù‰ Ø§Ù„Ù…Ø¹Ø§Ù„Ø¬Ø© Ø§Ù„Ø§Ù†ÙŠØ©', 'Ø¯.ØºØ³Ø§Ù† Ø³Ø§ÙƒØª', 'Ø¯.Ø¹Ø¨Ø¯ Ø§Ù„Ø­Ù…ÙŠØ¯ ØµØ¨Ø§Øº', '2017-05-02', '2017-05-02', 'Ù„Ø§ Ø´Ø¦'),
(9, 8, '246', 'Ø¹Ø¨Ø¯ Ø§Ù„Ø¹Ø²ÙŠØ² ØµØ¨Ø§Øº', 'Ø§Ù„Ù…Ø®Ø±Ø¬Ø§Øª Ø§Ù„Ù†Ø§Ø´Ø¦Ø© Ø¹Ù† ØªÙØ§Ø¹Ù„ Ø§Ù„Ø³ÙŠØ§Ø³Ø© Ø§Ù„Ù†Ù‚Ø¯ÙŠØ© ÙˆØ§Ù„Ø­ÙŠÙˆØ§Ù† Ø§Ù„Ø³Ù„ÙˆÙƒÙŠØ© ÙÙŠ Ù†Ù…ÙˆØ°Ø¬ Ø§Ù‚ØªØµØ§Ø¯ ÙƒÙ„ÙŠ ØµÙ†Ø¹ÙŠ', 'Ø¯.Ø¹Ø¨Ø¯ Ø§Ù„Ù†Ø§ØµØ± Ù†Ø§ØµØ±', 'Ø¯.ÙØ¤Ø§Ø¯ Ø§Ø³Ù…Ø§Ø¹ÙŠÙ„', '2020-10-29', '2020-10-29', 'Ù…Ø¹ÙŠØ¯ ØŒØ§Ø¨Ù‚Ø§Ø¡ Ø®Ø§Ù…Ø³ ÙˆØ§Ø®ÙŠØ± 2987 Øª 2020/5/10 ØŒØªÙ…Ø¯ÙŠØ¯ Ø³ØªØ© Ø£Ø´Ù‡Ø± Ùˆ ØªØ¬Ù…ÙŠØ¯ Ø§ÙŠÙØ§Ø¯'),
(10, 8, '258', 'Ø¹Ø¯ÙŠ Ø³Ù„Ø·Ø§Ù†', 'Ù…ØªØ·Ù„Ø¨Ø§Øª Ø§Ù„ØªØ­ÙˆÙ„ Ù†Ø­Ùˆ Ø§Ù‚ØªØµØ§Ø¯ Ø§Ù„Ù…Ø¹Ø±ÙØ© Ù„ØªØ¹Ø²ÙŠØ² Ø§Ù„Ù‚Ø¯Ø±Ø§Øª Ø§Ù„ØªÙ†Ø§ÙØ³ÙŠØ© Ø¨ÙŠ Ø§Ù„Ø¬Ø§Ù…Ø¹Ø§Øª Ø§Ù„Ø³ÙˆØ±ÙŠØ©', 'Ø¯.Ø§Ø­Ù…Ø¯ Ø²Ù‡ÙŠØ± Ø´Ø§Ù…ÙŠØ©', '', '2017-04-13', '2017-04-13', 'Ø§Ù†Ù‡Ø§Ø¡ Ù…ÙˆØ§Ø¯ Ø§Ø³ØªØ¯Ø±Ø§ÙƒÙŠØ© ÙˆØªØ­Ø¯ÙŠØ¯ Ù…ÙˆØ¹Ø¯ Ø¨Ø¯Ø¡ Ø±Ø³Ø§Ù„Ø© 2017/11/14'),
(11, 8, '257', 'ÙƒÙ…Ø§Ù„ Ø§Ù„Ø­Ø§Ø¬ Ø¹Ø¨Ø¯Ùˆ', 'Ø¯ÙˆØ± Ø§Ù„ØªÙ…ÙˆÙŠÙ„ Ø§Ù„Ø¥Ø³Ù„Ø§Ù…ÙŠ ÙÙŠ ØªÙˆÙ„ÙŠØ¯ Ø§Ù„Ù†Ù‚ÙˆØ¯ "Ø§Ù„Ø¶ÙˆØ§Ø¨Ø· ÙˆØ§Ù„Ø§Ù„ÙŠØ§Øª ÙˆØ§Ù„Ø¢Ø«Ø§Ø± Ø§Ù„Ø§Ù‚ØªØµØ§Ø¯ÙŠØ©"/Ø¯Ø±Ø§Ø³Ø© ØªØ·Ø¨ÙŠÙ‚ÙŠØ©', 'Ø¯.ÙØ¤Ø§Ø¯ Ø§Ø³Ù…Ø§Ø¹ÙŠÙ„', 'Ø¯.Ø¹Ø¨Ø¯ Ø§Ù„Ø­Ù…ÙŠØ¯ ØµØ¨Ø§Øº', '2017-03-15', '2017-03-15', 'Ø¬ ØªÙ…Ø¯ÙŠØ¯ Ø¥ÙŠÙØ§Ø¯ Ø³ØªØ© Ø£Ø´Ù‡Ø± Ù…Ù† 2019/3/16 ØŒØ¬ ØªÙ…Ø¯ÙŠØ¯ Ø¥ÙŠÙØ§Ø¯'),
(12, 8, '258', 'Ù‡Ø§Ø´Ù… Ø¹Ø¨Ø¯ Ø§Ù„Ù„Ø·ÙŠÙ', 'Ø§Ø«Ø± Ù…Ø¤Ø´Ø±Ø§Øª Ø§Ù„Ø§Ù‚ØªØµØ§Ø¯ Ø§Ù„ÙƒÙ„ÙŠ Ø¹Ù„Ù‰ Ø§Ù„Ø¹Ù„Ø§Ù‚Ø© Ø¨ÙŠÙ† Ù…Ø¤Ø´Ø±Ø§Øª Ø§Ù„Ø£Ø¯Ø§Ø¡ Ø§Ù„Ø¨ÙŠØ¦ÙŠ ÙˆØ§Ù„ØªÙ†Ù…ÙŠØ© Ø§Ù„Ø¨Ø´Ø±ÙŠØ© ÙÙŠ Ø³ÙˆØ±ÙŠØ© ', 'Ø¯.ÙØ¤Ø§Ø¯ Ø§Ø³Ù…Ø§Ø¹ÙŠÙ„', 'Ø¯.Ø­Ø³Ù† Ø®Ø²ÙˆØ±ÙŠ', '2017-10-24', '2017-10-24', 'Ù„Ø§ Ø´Ø¦'),
(13, 7, '101', 'ÙØ§Ø·Ù…Ø© Ø¹ÙØ±Ù…', 'Ø§Ø¨Ø¹Ø§Ø¯ ØªØ¯Ø±ÙŠØ¨ ÙˆØªÙ†Ù…ÙŠØ© Ø§Ù„Ø¬Ù‡Ø§Ø² Ø§Ù„Ø­ÙƒÙˆÙ…ÙŠ ÙÙŠ Ø³ÙˆØ±ÙŠØ© Ø§Ù„ÙˆØ§Ù‚Ø¹ ÙˆØ§Ø³ØªØ±Ø§ØªÙŠØ¬ÙŠØ© Ø§Ù„ØªØ·ÙˆÙŠØ± ÙˆØ§Ù„ØªØ­Ø³ÙŠÙ†/Ø¯Ø±Ø§Ø³Ø© Ù…ÙŠØ¯Ø§Ù†ÙŠØ©', 'Ø¯.Ø¹Ù…Ø± ÙˆØµÙÙŠ Ø¹Ù‚ÙŠÙ„ÙŠ', 'Ø¯.ØµØ¨Ø­ÙŠ Ø§Ù„Ù…Ø­Ù…Ø¯', '2009-04-28', '2009-04-28', 'Ù„Ø§ Ø´Ø¦'),
(14, 7, '233', 'Ø§Ø­Ù…Ø¯ Ù‚Ø¨Ø§Ù†ÙŠ', 'Ø¯ÙˆØ± Ø§Ù„Ø¹Ø¯Ø§Ù„Ø© Ø§Ù„ØªÙ†Ø¸ÙŠÙ…ÙŠØ© ÙÙŠ Ø¹Ù„Ø§Ù‚Ø© Ø§Ù„Ù‚ÙŠØ§Ø¯Ø© Ø§Ù„ØªØ­ÙˆÙŠÙ„ÙŠØ© Ø¨Ø§Ù„Ø¯Ø¹Ù… Ø§Ù„ØªÙ†Ø¸ÙŠÙ…ÙŠ Ø§Ù„Ù…Ø¯Ø±Ùƒ/Ø¯Ø±Ø§Ø³Ø© ØªØ·Ø¨ÙŠÙ‚ÙŠØ© ÙÙŠ Ø§Ù„Ù…ØµØ§Ø±Ù Ø§Ù„Ø®Ø§ØµØ© ÙÙŠ Ø³ÙˆØ±ÙŠØ©', 'Ø¯.Ø¹Ø¨Ø¯ Ø§Ù„Ù‚Ø§Ø¯Ø± Ø¯ÙˆØ§Ù„ÙŠØ¨ÙŠ', 'Ø¯.Ù…Ø­Ù…Ø¯ Ø§Ù„Ø­Ø´Ø±ÙˆÙ…', '2016-01-24', '2016-01-24', 'Ù„Ø§ Ø´Ø¦'),
(15, 7, '280', 'Ø¹Ø¨Ø¯ Ø§Ù„Ø¹Ø²ÙŠØ² Ø¹Ù…ÙŠØ¯', 'Ø¯ÙˆØ± Ø§Ù„Ù‚ÙŠÙ…Ø© Ø§Ù„Ø§Ù‚ØªØµØ§Ø¯ÙŠØ© Ø§Ù„Ù…Ø¶Ø§ÙØ© ÙƒÙ…ØªØºÙŠØ± ÙˆØ³ÙŠØ· ÙÙŠ Ø§Ù„Ø¹Ù„Ø§Ù‚Ø© Ø¨ÙŠÙ† Ø§Ù„Ù…Ø­Ø¯Ø¯Ø§Øª Ø§Ù„Ø¯Ø§Ø®Ù„ÙŠØ© ÙÙŠ Ø§Ù„Ø£Ø¯Ø§Ø¡ Ø§Ù„Ù…Ø§Ù„ÙŠ ÙˆØ§Ù„Ù‚ÙŠÙ…Ø© Ø§Ù„Ø³ÙˆÙ‚ÙŠØ© Ø§Ù„Ù…Ø¶Ø§ÙØ©/Ø¯Ø±Ø§Ø³Ø© ØªØ·Ø¨ÙŠÙ‚ÙŠØ© Ø¹Ù„Ù‰ Ø§Ù„Ù…Ø¤Ø³Ø³Ø§Øª Ø§Ù„Ù…Ø§Ù„ÙŠØ©', 'Ø¯.Ø¹Ù…Ø± Ø§Ø³Ù…Ø§Ø¹ÙŠÙ„', '', '2018-03-19', '2018-03-19', 'Ù„Ø§ Ø´Ø¦'),
(16, 7, '235', 'Ø§Ø¨Ø±Ø§Ù‡ÙŠÙ… Ø§Ù„Ù…Ø­Ù…Ø¯ Ø§Ù„ÙØ±Ø¬', 'Ø¨Ù†Ø§Ø¡ Ù†Ù…ÙˆØ°Ø¬ Ù„Ù†Ø¸Ø§Ù… Ù…Ø¹Ù„ÙˆÙ…Ø§Øª Ø§Ø³ØªØ±Ø§ØªÙŠØ¬ÙŠ Ù„Ø¥Ø¯Ø§Ø±Ø© Ø§Ù„Ù…Ø®Ø§Ø·Ø± Ø§Ù„Ù…Ø§Ù„ÙŠØ© Ù„Ù„Ù…Ù†Ø¸Ù…Ø§Øª ÙÙŠ Ø¸Ù„ Ø¨ÙŠØ¦Ø© Ù…ØªØºÙŠØ±Ø©/ Ø¯Ø±Ø§Ø³Ø© Ù…Ù‚Ø§Ø±Ù†Ø© Ø¨ÙŠÙ† Ø§Ù„Ù…ØµØ§Ø±Ù Ø§Ù„Ø¹Ø§Ù…Ø© ÙˆØ§Ù„Ø®Ø§ØµØ© ÙÙŠ Ø³ÙˆØ±ÙŠØ©', 'Ø¯.Ø¹Ù…Ø± Ø§Ø³Ù…Ø§Ø¹ÙŠÙ„', '', '2016-01-28', '2016-01-28', 'ØªØ¬Ù…ÙŠØ¯ ÙˆØ¶Ø¹ Ø®Ø¯Ù…Ø© Ø¹Ù„Ù…'),
(17, 7, '275', 'Ø§ÙŠØ§Ù… Ø§Ù„Ø¹ÙŠØ¯', 'Ø¯ÙˆØ± Ø§Ù„ØµÙ…Øª Ø§Ù„ØªÙ†Ø¸ÙŠÙ…ÙŠ ÙƒÙ…ØªØºÙŠØ± ÙˆØ³ÙŠØ· ÙÙŠ Ø§Ù„Ø¹Ù„Ø§Ù‚Ø© Ø¨ÙŠÙ† Ø§Ù„Ø«Ù‚Ø© Ø§Ù„ÙˆØ¸ÙŠÙÙŠØ© ÙˆØ§Ù„Ø§Ø¹ØªØ±Ø§Ø¨ Ø§Ù„ØªÙ†Ø¸ÙŠÙ…ÙŠ/Ø¯Ø±Ø§Ø³Ø© Ù…ÙŠØ¯Ø§Ù†ÙŠØ© ÙÙŠ Ø§Ù„Ù‚Ø·Ø§Ø¹ Ø§Ù„Ù…ØµØ±ÙÙŠ Ø§Ù„Ø­ÙƒÙˆÙ…ÙŠ ÙÙŠ Ø³ÙˆØ±ÙŠØ©', 'Ø¯.Ø¹Ø¨Ø¯ Ø§Ù„Ù‚Ø§Ø¯Ø± Ø¯ÙˆØ§Ù„ÙŠØ¨ÙŠ', '', '2018-07-09', '2018-07-09', 'Ù„Ø§ Ø´Ø¦'),
(18, 5, '259', 'ÙˆØ§Ø¦Ù„ Ø­Ø§Ø¬ Ø¨ÙƒØ±ÙŠ', 'ØµÙŠØ§ØºØ© Ø§Ø³ØªØ±Ø§ØªÙŠØ¬ÙŠØ© Ù„Ù…Ø¤Ø³Ø³Ø§Øª Ø§Ù„ØªØ¹Ù„ÙŠÙ… Ø§Ù„Ø¹Ø§Ù„ÙŠ Ø§Ù„Ø³ÙˆØ±ÙŠØ© Ù„Ù…ÙˆØ§Ø¬Ù‡Ø© ØªØ­Ø¯ÙŠ Ù‡Ø¬Ø±Ø© Ø§Ù„ÙƒÙØ§Ø¡Ø§Øª Ø®Ù„Ø§Ù„ Ø§Ù„Ø§Ø²Ù…Ø©', 'Ø¯.Ø­Ø³Ù† Ù‚Ù„Ù†Ø¯Ø±', '', '2017-05-02', '2017-05-02', 'Ø¬ Ø§ÙŠÙ‚Ø§Ù'),
(19, 5, '263', 'Ù†ÙˆØ± Ø³Ù„Ø·Ø§Ù†', 'ØµÙŠØ§ØºØ© Ø§Ø³ØªØ±Ø§ØªÙŠØ¬ÙŠØ© Ù„ØªÙ…ÙƒÙŠÙ† Ø§Ù„Ø£Ø³Ø±Ø© Ù…Ù† Ø§Ù„Ø­Ø¯ Ù…Ù† Ø§Ù„Ù…Ø´ÙƒÙ„Ø§Øª Ø§Ù„Ù†Ø§ØªØ¬Ø© Ø¹Ù† Ø§Ù„Ø§Ø²Ù…Ø©/ Ø¯Ø±Ø§Ø³Ø© ØªØ·Ø¨ÙŠÙ‚ÙŠØ© ÙÙŠ Ù…Ø¯ÙŠÙ†Ø© Ø­Ù„Ø¨', 'Ø¯.Ù…Ø­Ù…Ø¯ Ø³Ù…ÙŠØ± Ø¯Ø±ÙƒØ²Ù†Ù„ÙŠ', 'Ø¯.Ø§Ù…Ù„ ÙƒØ§Ø¨ÙˆØ³', '2017-05-25', '2017-05-25', 'ØªØ§Ù„ÙŠÙ Ù„Ø¬Ù†Ø© Ùƒ /363/ Ø«Ø§ 2020/6/16'),
(20, 5, '268', 'Ù†Ø§ÙØ¹ ØªØ±Ø¬Ù…Ø§Ù†', 'ØªØ¯Ø§Ø¹ÙŠØ§Øª Ø§Ù„Ø§Ø²Ù…Ø© Ø¹Ù„Ù‰ Ø§Ù„Ù…Ø¤Ø´Ø±Ø§Øª Ø§Ù„Ø¯ÙŠÙ…ÙˆØºØ±Ø§ÙÙŠØ© ÙÙŠ Ø§Ù„Ù…Ø¬ØªÙ…Ø¹ Ø§Ù„Ø³ÙˆØ±ÙŠ /Ø¯Ø±Ø§Ø³Ø© Ù…ÙŠØ¯Ø§Ù†ÙŠØ© ÙÙŠ Ù…Ø¯ÙŠÙ†Ø© Ø­Ù„Ø¨', 'Ø¯.Ø­Ø³Ù† Ù‚Ù„Ù†Ø¯Ø±', '', '2017-10-24', '2017-10-24', '/622/'),
(21, 5, '283', 'Ø¹Ø¨Ø¯Ø§Ù„Ù„Ù‡ Ù‚Ø·ÙŠØ´', 'Ø§Ø«Ø± Ø§Ù„Ø¹ÙˆØ§Ù…Ù„ Ø§Ù„Ø§Ø¬ØªÙ…Ø§Ø¹ÙŠØ© ÙˆØ§Ù„Ø§Ù‚ØªØµØ§Ø¯ÙŠØ© ÙÙŠ Ø§Ù†ØªØ´Ø§Ø± Ø§Ù„Ø£Ù…Ø±Ø§Ø¶/Ø¯Ø±Ø§Ø³Ø© Ù…ÙŠØ¯Ø§Ù†ÙŠØ© Ø¹Ù„Ù‰ Ø§Ù„Ù…Ø±Ø§ÙÙ‚ Ø§Ù„ØµØ­ÙŠØ© ÙÙŠ Ù…Ø¯ÙŠÙ†Ø© Ø­Ù„Ø¨', 'Ø¯.Ø§Ù…ÙŠØ±Ø© Ø¹Ø¨ÙŠØ¯Ùˆ', 'Ø¯.Ù…Ø±ÙˆØ§Ù† Ù†Ø§Ø¹Ø³Ø©', '2019-01-27', '2019-01-27', 'Ù„Ø§ Ø´Ø¦'),
(22, 5, '0', 'Ø¢ÙŠØ© Ø§Ù„Ø¬Ø±ÙˆØ¯', 'Ø§Ù„Ø§Ø«Ø§Ø± Ø§Ù„Ø§Ø¬ØªÙ…Ø§Ø¹ÙŠØ© ÙˆØ§Ù„Ø¯ÙŠÙ…ÙˆØºØ±Ø§ÙÙŠØ© Ù„Ù„Ø£Ø²Ù…Ø© ÙˆØ§Ù†Ø¹ÙƒØ§Ø³Ø§ØªÙ‡Ø§ Ø¹Ù„Ù‰ Ø§Ù„ØªÙ†Ù…ÙŠØ© Ø§Ù„Ø¨Ø´Ø±ÙŠØ© ÙÙŠ Ø³ÙˆØ±ÙŠØ§', 'Ø¯.Ø¹Ø¨Ø¯ Ø§Ù„Ø±Ø­Ù…Ù† Ø§Ù„Ø§Ø­Ù…Ø¯ Ø§Ù„Ø¹Ø¨ÙŠØ¯', '', '2019-02-24', '2019-02-24', 'ØºÙŠØ± Ù…Ø°ÙƒÙˆØ± Ø§Ù„Ø±Ù‚Ù… Ø§Ù„Ø¬Ø§Ù…Ø¹ÙŠ'),
(23, 3, '201', 'Ø´Ø§Ø¯ÙŠ Ø§Ø¨Ùˆ Ø²ÙŠØ¯', 'Ø±Ø¯ ÙØ¹Ù„ Ø§Ù„Ø£Ø³ÙˆØ§Ù‚ Ø§Ù„Ù…Ø§Ù„ÙŠØ© Ø§Ù„Ù†Ø§Ø´Ø¦Ø© ØªØ¬Ø§Ù‡ Ø§Ù„Ù…Ø¹Ù„ÙˆÙ…Ø§Øª Ø§Ù„Ù…Ø§Ù„ÙŠØ© ÙˆØºÙŠØ± Ø§Ù„Ù…Ø§Ù„ÙŠØ©/Ø¯Ø±Ø§Ø³Ø© ØªØ·Ø¨ÙŠÙ‚ÙŠØ©', 'Ø¯.Ø³Ù‡ÙŠÙ„ Ø§Ù„Ø´ÙŠØ®', '', '2013-04-24', '2013-04-24', 'Ù„Ø§ Ø´Ø¦'),
(24, 3, '220', 'Ù„ÙŠØ§Ù„ Ø´Ø§Ø¹Ø±', 'Ø¯ÙˆØ± Ø§Ù„Ù…Ù†Ø´Ø¦Ø§Øª Ø§Ù„Ø§Ø¦ØªÙ…Ø§Ù†ÙŠØ© ÙÙŠ Ø§Ù„ØªØ­ÙˆØ· Ù…Ù† Ù…Ø®Ø§Ø·Ø± Ø¹Ø¯Ù… Ø§Ù„Ø³Ø¯Ø§Ø¯ / Ø¯Ø±Ø§Ø³Ø© ØªØ·Ø¨ÙŠÙ‚ÙŠØ©', 'Ø¯.Ù…Ø­Ù…ÙˆØ¯ Ø§Ø¨Ø±Ø§Ù‡ÙŠÙ…', '', '2014-11-02', '2014-11-02', 'Ù„Ø§ Ø´Ø¦'),
(25, 3, '228', 'Ø±Ø¨Ù‰ Ø§Ù„Ø¹Ù„ÙŠ', 'ØªÙ‚ÙŠÙŠÙ… Ø§Ù„ÙƒÙØ§Ø¡Ø© Ø§Ù„ØªØ´ØºÙŠÙ„ÙŠØ© ÙÙŠ Ø§Ù„Ù…ØµØ§Ø±Ù Ø§Ù„Ø³ÙˆØ±ÙŠØ© Ø§Ù„Ø®Ø§ØµØ© ÙÙŠ Ø¸Ù„ Ø§Ù„Ø§Ø²Ù…Ø© /Ø¯Ø±Ø§Ø³Ø© ØªØ·Ø¨ÙŠÙ‚ÙŠØ© Ù…Ù‚Ø§Ø±Ù†Ø© Ø¨ÙŠÙ† Ø§Ù„Ù…ØµØ§Ø±Ù Ø§Ù„ØªÙ‚Ù„ÙŠØ¯ÙŠØ© ÙˆØ§Ù„Ù…ØµØ§Ø±Ù Ø§Ù„Ø¥Ø³Ù„Ø§Ù…ÙŠØ©', 'Ø¯.Ø­Ø³Ù† Ø­Ø²Ø±ÙˆÙŠ', '', '2015-07-22', '2015-07-22', 'Ù†Ø§Ù‚Ø´Øª'),
(26, 3, '248', 'Ø±ÙˆØ®Ø§Ø´ Ù‡Ø§Ø¬Ùˆ', 'Ø§Ø«Ø± Ø±Ø¶Ø§ Ø§Ù„Ù…Ø³ØªØ®Ø¯Ù… ÙˆÙ†ÙŠØ© Ø§Ù„Ø§Ø³ØªØ®Ø¯Ø§Ù… ÙÙŠ Ø§Ù„Ø¹Ù„Ø§Ù‚Ø© Ø¨ÙŠÙ† ÙØ§Ø¹Ù„ÙŠØ© Ù†Ø¸Ø§Ù… Ø§Ù„Ù…Ø¹Ù„ÙˆÙ…Ø§Øª ÙˆØ¬ÙˆØ¯Ø© Ø§Ù„Ø®Ø¯Ù…Ø§Øª Ø§Ù„Ù…ØµØ±ÙÙŠØ© /Ø¯Ø±Ø§Ø³Ø© Ù…ÙŠØ¯Ø§Ù†ÙŠØ© Ù…Ù‚Ø§Ø±Ù†Ø© Ø¹Ù„Ù‰ Ø¹ÙŠÙ†Ø© Ù…Ù† Ø§Ù„Ù…ØµØ§Ø±Ù Ø§Ù„Ø³ÙˆØ±ÙŠØ©', 'Ø¯.Ø­Ø³Ù† Ø­Ø²ÙˆØ±ÙŠ', 'Ø¯.Ø¹Ù…Ø± Ø§Ø³Ù…Ø§Ø¹ÙŠÙ„', '2016-05-05', '2016-05-05', 'Ù…Ø¹ÙŠØ¯Ø© ØŒ Ù†Ø§Ù‚Ø´Øª'),
(27, 3, '245', 'Ø¹ØµØ§Ù… Ù‡Ø¯Ø§Ø¦ÙŠ', 'Ø¨Ù†Ø§Ø¡ Ù†Ù…ÙˆØ°Ø¬ Ù„Ù„Ø§Ù†Ø°Ø§Ø± Ø§Ù„Ù…Ø¨ÙƒØ± Ø¨Ø§Ù„ÙØ´Ù„ Ø§Ù„Ù…Ø§Ù„ÙŠ Ù„Ù„Ø´Ø±ÙƒØ§Øª Ø§Ù„Ù…Ø³Ø§Ù‡Ù…Ø© Ø¨Ø§Ø³ØªØ®Ø¯Ø§Ù… Ù†Ù…ÙˆØ°Ø¬ Ø§Ù„Ø§Ù†Ø­Ø¯Ø§Ø± Ø§Ù„Ù„ÙˆØ¬Ø³ØªÙŠ/Ø¯Ø±Ø§Ø³Ø© ØªØ·Ø¨ÙŠÙ‚ÙŠØ©', 'Ø¯.Ø­Ø³Ù† Ø­Ø²ÙˆØ±ÙŠ', 'Ø¯.Ø¹Ø¨Ø¯ Ø§Ù„Ø±Ø­Ù…Ù† Ø§Ù„Ø¹Ø¨ÙŠØ¯', '2016-06-03', '2016-06-03', 'Ù„Ø§ Ø´Ø¦'),
(28, 2, '262', 'ÙˆØ¶Ø§Ø­ Ø¹Ù„ÙŠØ§', 'Ø¯ÙˆØ± Ø§Ù„Ø¹Ù„Ø§Ù‚Ø§Øª Ø§Ù„Ø§Ù‚ØªØµØ§Ø¯ÙŠØ© Ø§Ù„Ø¹Ø§Ù„Ù…ÙŠØ© ÙÙŠ ØªØºÙŠÙŠØ± Ù†Ø¸Ø±ÙŠØ© Ø§Ù„Ø¹Ù„Ø§Ù‚Ø§Øª Ø§Ù„Ø¯ÙˆÙ„ÙŠØ©/Ø§Ù„Ù†Ø¸Ø±ÙŠØ© Ø§Ù„Ù„ÙŠØ¨Ø±Ø§Ù„ÙŠØ© Ù†Ù…ÙˆØ°Ø¬Ø§', 'Ø¯.Ø§Ø­Ù…Ø¯ Ø²Ù‡ÙŠØ± Ø´Ø§Ù…ÙŠØ©', '', '2017-05-25', '2017-05-25', 'Ø§Ù†Ø°Ø§Ø± 1'),
(29, 1, '143', 'ÙØ±Ø¬ Ø§Ù„Ø¹Ø¨Ø¯', 'Ø¯ÙˆØ± Ù…Ø®Ù„ Ø§Ù„Ø£Ø³Ø§Ù„ÙŠØ¨ Ø§Ù„Ø§Ø³ØªØ±Ø§ØªÙŠØ¬ÙŠØ© Ù„Ù„Ù…ØµØ§Ø±Ù Ø§Ù„Ø®Ø§ØµØ© ÙÙŠ Ø¯Ø¹Ù… Ø§Ù„Ù‚Ø¯Ø±Ø© Ø§Ù„ØªÙ†Ø§ÙØ³ÙŠØ©/Ø¯Ø±Ø§Ø³Ø© ØªØ­Ù„ÙŠÙ„ÙŠØ©', 'Ø¯.Ù‡Ø§Ø¦Ù„ Ø§Ø¨Ùˆ Ø±Ø´ÙŠØ¯', '', '2010-06-20', '2010-06-20', '3556 ØªØ¹Ø¯ÙŠÙ„ Ø¹Ù†ÙˆØ§Ù†'),
(30, 1, '145', 'Ø¹Ù…Ø§Ø¯ Ø§Ù„Ø¨Ø¹Ù„ÙŠ', 'ØªØµÙ…ÙŠÙ… Ù†Ø¸Ù… Ø§Ù„Ù…Ø¹Ù„ÙˆÙ…Ø§Øª Ø§Ù„Ù…Ø­Ø§Ø³Ø¨ÙŠØ© Ø§Ù„ØªÙƒØ§Ù„ÙŠÙÙŠØ© ÙÙŠ Ø¸Ù„ Ø£Ù†Ø¸Ù…Ø© ØªØ®Ø·ÙŠØ· Ù…ÙˆØ§Ø±Ø¯ Ø§Ù„Ù…Ù†Ø´Ø¦Ø©', 'Ø¯.Ø®Ø§Ù„Ø¯ Ø§Ù„Ù‚Ø·ÙŠÙ†ÙŠ', 'Ø¯.Ø¹Ø¨Ø¯ Ø§Ù„Ø±Ø²Ø§Ù‚ Ø§Ù„Ù‚Ø§Ø¯Ø±', '2011-02-06', '2011-02-06', 'Ù„Ø§ Ø´Ø¦'),
(31, 1, '161', 'Ù…Ù†Ø§Ù„ Ø§Ù„Ø¹Ø¨Ø¯ Ø§Ù„Ù„Ù‡', 'Ø§Ù„Ø¥Ø¨Ø¯Ø§Ø¹ Ø§Ù„Ù…Ø­Ø§Ø³Ø¨ÙŠ ÙˆØ§Ø«Ø±Ù‡ ÙÙŠ Ø±ÙØ¹ ÙƒÙØ§Ø¡Ø© Ù…Ù†Ø¸Ù…Ø§Øª Ø§Ù„Ø¹Ù…Ù„', 'Ø¯.Ù…Ø­Ù…Ø¯ Ø®Ø§Ù„Ø¯ Ø¨Ù†ÙˆØ¯ ', '', '2011-07-17', '2011-07-17', 'Ù„Ø§ Ø´Ø¦'),
(32, 1, '171', 'Ø§Ø³Ù…Ø§Ø¹ÙŠÙ„ Ø§Ù„Ø­Ø³Ù†', 'Ø§Ù„ØªØ­Ù„ÙŠÙ„ Ø§Ù„Ø§Ø³ØªØ±Ø§ØªÙŠØ¬ÙŠ Ù„Ù„ØªÙƒØ§Ù„ÙŠÙ ÙÙŠ Ø§Ù„Ø¬Ø§Ù…Ø¹Ø§Øª Ø§Ù„Ø­ÙƒÙˆÙ…ÙŠØ© Ø§Ù„Ø³ÙˆØ±ÙŠØ©/Ø¯Ø±Ø§Ø³Ø© ØªØ·Ø¨ÙŠÙ‚ÙŠØ© Ø¹Ù„Ù‰ Ø¬Ø§Ù…Ø¹Ø© Ø­Ù„Ø¨', 'Ø¯.Ù‡Ø§Ø¦Ù„ Ø§Ø¨Ùˆ Ø±Ø´ÙŠØ¯', '', '2011-09-25', '2011-09-25', 'Ù„Ø§ Ø´Ø¦'),
(33, 1, '224', 'Ø³Ø§Ù…Ø± Ø¯ÙˆØ§Ø±Ø©', 'Ø¬ÙˆØ¯Ø© Ø§Ù„Ø£Ø¯Ø§Ø¡ Ø§Ù„Ù…Ù‡Ù†ÙŠ Ù„Ù…ÙƒØ§ØªØ¨ Ø§Ù„ØªØ¯Ù‚ÙŠÙ‚ ÙˆØ£Ø«Ø±Ù‡Ø§ ÙÙŠ Ø§Ù„Ø­ÙƒÙ… Ø¹Ù„Ù‰ Ø§Ø³ØªÙ…Ø±Ø§Ø±ÙŠØ© Ø§Ù„Ø´Ø±ÙƒØ§Øª/Ø¯Ø±Ø§Ø³Ø© ØªØ·Ø¨ÙŠÙ‚ÙŠØ©', 'Ø¯.Ø¹Ù„ÙŠ Ø­Ø§Ø¬ Ø¨ÙƒØ±ÙŠ', '', '2015-07-22', '2015-07-22', 'Ù„Ø§ Ø´Ø¦');

-- --------------------------------------------------------

--
-- Table structure for table `theses_debate`
--

CREATE TABLE `theses_debate` (
  `id` int(11) NOT NULL,
  `theses_id` int(11) NOT NULL,
  `supervisor_name1` text NOT NULL,
  `supervisor_desc1` text NOT NULL,
  `supervisor_name2` text NOT NULL,
  `supervisor_desc2` text NOT NULL,
  `supervisor_name3` text NOT NULL,
  `supervisor_desc3` text NOT NULL,
  `supervisor_name4` text NOT NULL,
  `supervisor_desc4` text NOT NULL,
  `supervisor_name5` text NOT NULL,
  `supervisor_desc5` text NOT NULL,
  `the_time` text NOT NULL,
  `the_date` date NOT NULL,
  `the_place` text NOT NULL,
  `pdf` text NOT NULL,
  `done` text NOT NULL
) ENGINE=MyISAM DEFAULT CHARSET=latin1;

-- --------------------------------------------------------

--
-- Table structure for table `time_schedule`
--

CREATE TABLE `time_schedule` (
  `id` int(11) NOT NULL,
  `depa_id` int(11) NOT NULL,
  `subject_id` int(11) NOT NULL,
  `the_day` text NOT NULL,
  `the_time` text NOT NULL,
  `teacher_name` text NOT NULL
) ENGINE=MyISAM DEFAULT CHARSET=latin1;

--
-- Dumping data for table `time_schedule`
--

INSERT INTO `time_schedule` (`id`, `depa_id`, `subject_id`, `the_day`, `the_time`, `teacher_name`) VALUES
(4, 10, 38, 'Ø§Ù„Ø£Ø­Ø¯', '9_12', 'Ø¯.Ø§Ø¨Ø±Ø§Ù‡ÙŠÙ… Ù†Ø§Ø¦Ø¨'),
(5, 10, 39, 'Ø§Ù„Ø£Ø±Ø¨Ø¹Ø§Ø¡', '12_2', 'Ø¯.ØºØ³Ø§Ù† Ø³Ø§ÙƒØª+Ø¯.Ø§ÙŠØ© Ø³Ø±ÙŠÙˆ'),
(6, 10, 36, 'Ø§Ù„Ø§Ø«Ù†ÙŠÙ†', '12_2', 'Ø¯.ØºØ³Ø§Ù† Ø³Ø§ÙƒØª+Ø¯.Ø§ÙŠØ© Ø³Ø±ÙŠÙˆ'),
(7, 10, 35, 'Ø§Ù„Ø§Ø«Ù†ÙŠÙ†', '9_12', 'Ø¯.Ù…Ø­Ù…Ø¯ Ø¶Ø§Ù‡Ø±'),
(8, 10, 37, 'Ø§Ù„Ø®Ù…ÙŠØ³', '12_2', 'Ø¯.Ù…Ø­Ù…Ø¯ Ø¯Ø¨Ø´+Ø¯.Ø±ØºØ¯ Ø­ÙŠØ¯Ø±ÙŠ'),
(9, 9, 20, 'Ø§Ù„Ø«Ù„Ø§Ø«Ø§Ø¡', '9_12', 'Ø¯.Ù…Ø­Ù…Ø¯ ØºØ±ÙŠØ¨'),
(10, 9, 22, 'Ø§Ù„Ø£Ø­Ø¯', '2_4', 'Ø¯.Ø³Ù„ÙŠÙ…Ø§Ù† Ø¹Ù„ÙŠ'),
(11, 9, 21, 'Ø§Ù„Ø«Ù„Ø§Ø«Ø§Ø¡', '12_3', 'Ø¯.Ø¹Ù„ÙŠ Ø¬Ø¨Ù„Ø§Ù‚'),
(12, 9, 18, 'Ø§Ù„Ø®Ù…ÙŠØ³', '9_12', 'Ø¯.Ø³Ø§Ù…Ø± Ø§Ù„Ø¹Ù„ÙŠ'),
(13, 9, 48, 'Ø§Ù„Ø£Ø±Ø¨Ø¹Ø§Ø¡', '12_3', 'Ø¯.Ø§ÙŠØ© Ø¨ÙˆØ±Ø²Ø§Ù†'),
(14, 9, 19, 'Ø§Ù„Ø®Ù…ÙŠØ³', '12_2', 'Ø¯.Ø³Ø§Ù…Ø± Ø§Ù„Ø¹Ù„ÙŠ'),
(15, 8, 9, 'Ø§Ù„Ø«Ù„Ø§Ø«Ø§Ø¡', '9_12', 'Ø¯.Ù…Ø±ÙˆØ§Ù† Ø±Ø´ÙŠØ¯'),
(16, 8, 49, 'Ø§Ù„Ø£Ø±Ø¨Ø¹Ø§Ø¡', '9_12', 'Ø¯.Ø²Ù‡ÙŠØ± Ø´Ø§Ù…ÙŠØ©'),
(17, 8, 10, 'Ø§Ù„Ø§Ø«Ù†ÙŠÙ†', '9_12', 'Ø¯.Ø¹Ø¨Ø¯ Ø§Ù„Ø­Ù…ÙŠØ¯ ØµØ¨Ø§Øº'),
(18, 8, 8, 'Ø§Ù„Ø£Ø­Ø¯', '12_3', 'Ø¯.Ø®Ø§Ù„Ø¯ Ø¹Ù„ÙŠØ·Ùˆ'),
(19, 8, 49, 'Ø§Ù„Ø£Ø±Ø¨Ø¹Ø§Ø¡', '12_3', 'Ø¯.Ø¹Ø¨Ø¯Ø§Ù„Ø±Ø­Ù…Ù† Ø§Ù„Ø¹Ø¨ÙŠØ¯+Ø¯.Ø§Ù…ÙŠØ±Ø© Ø¹Ø¨ÙŠØ¯Ùˆ'),
(20, 8, 12, 'Ø§Ù„Ø£Ø­Ø¯', '9_12', 'Ø¯.Ø¹Ø¨Ø¯ Ø§Ù„Ù†Ø§ØµØ± Ù†Ø§ØµØ±'),
(21, 7, 24, 'Ø§Ù„Ø£Ø±Ø¨Ø¹Ø§Ø¡', '9_11', 'Ø¯.Ø¹Ù…Ø± Ø§Ø³Ù…Ø§Ø¹ÙŠÙ„+Ø¯.Ø±Ø´Ø§ Ù‚Ø¨Ù†Ø¶'),
(22, 7, 25, 'Ø§Ù„Ø§Ø«Ù†ÙŠÙ†', '12_2', 'Ø¯.Ø³Ù„ÙŠÙ…Ø§Ù† Ø§Ù„Ø¹Ù„ÙŠ'),
(23, 7, 23, 'Ø§Ù„Ø£Ø­Ø¯', '12_3', 'Ø¯.Ø¹Ø¨Ø¯ Ø§Ù„Ù‚Ø§Ø¯Ø± Ø¯ÙˆØ§Ù„ÙŠØ¨ÙŠ+Ø¯. ÙƒÙ†Ø¯Ù‡ Ø§Ø¨Ùˆ Ø¯Ø§Ù†'),
(24, 7, 26, 'Ø§Ù„Ø§Ø«Ù†ÙŠÙ†', '9_12', 'Ø¯.Ø¹Ø¨Ø¯ Ø§Ù„Ù‚Ø§Ø¯Ø± Ø¯ÙˆØ§Ù„ÙŠØ¨ÙŠ'),
(25, 7, 28, 'Ø§Ù„Ø®Ù…ÙŠØ³', '11_2', 'Ø¯.ØµØ¨Ø­ÙŠ Ù…Ø­Ù…Ø¯+Ø¯.Ø³Ù„ÙŠÙ…Ø§Ù† Ø¹ÙˆØ¶'),
(26, 7, 50, 'Ø§Ù„Ø£Ø­Ø¯', '10_12', 'Ø¯.Ù…Ø¶Ø± Ø¯Ø®Ø§Ù†'),
(27, 7, 27, 'Ø§Ù„Ø®Ù…ÙŠØ³', '9_12', 'Ø¯.Ø¹Ù„ÙŠ Ø¬Ø¨Ù„Ø§Ù‚+Ø¯.Ø§ÙŠØ© Ø¨ÙˆØ±Ø²Ø§Ù†'),
(28, 5, 43, 'Ø§Ù„Ø®Ù…ÙŠØ³', '9_12', 'Ø¯.Ø­Ø³Ù† Ø§Ù„Ø­Ø³ÙŠÙ†'),
(29, 5, 41, 'Ø§Ù„Ø£Ø­Ø¯', '12_3', 'Ø¯.Ù…Ø­Ù…Ø¯ Ø§Ù„Ø´ÙŠØ® Ø§Ø­Ù…Ø¯'),
(30, 5, 42, 'Ø§Ù„Ø§Ø«Ù†ÙŠÙ†', '1_3', 'Ø¯.ÙØ¤Ø§Ø¯ Ø§Ø³Ù…Ø§Ø¹ÙŠÙ„'),
(31, 5, 40, 'Ø§Ù„Ø£Ø­Ø¯', '9_12', 'Ø¯.Ø­Ø³Ù† Ù‚Ù„Ù†Ø¯Ø±+Ø¯.Ø³Ù…ÙŠØ± Ø¯Ø±ÙƒØ²Ù†Ù„ÙŠ'),
(32, 5, 51, 'Ø§Ù„Ø£Ø±Ø¨Ø¹Ø§Ø¡', '12_2', 'Ø¯.Ø¹Ø¨Ø¯ Ø§Ù„Ø±Ø­Ù…Ù† Ø§Ù„Ø¹Ø¨ÙŠØ¯+Ø¯.Ø­Ø³Ù† Ø§Ù„Ø­Ø³ÙŠÙ†'),
(33, 5, 44, 'Ø§Ù„Ø§Ø«Ù†ÙŠÙ†', '10_1', 'Ø¯.Ø§ÙŠÙ…Ø§Ù† Ø³Ù„ÙŠÙ…Ø§Ù†'),
(34, 3, 13, 'Ø§Ù„Ø«Ù„Ø§Ø«Ø§Ø¡', '8,30_10,30', 'Ø¯.Ø­Ø³Ù† ÙƒØªÙ„Ùˆ'),
(35, 3, 14, 'Ø§Ù„Ø£Ø±Ø¨Ø¹Ø§Ø¡', '9_12', 'Ø¯.Ø·Ù‡ Ø§Ù„Ù…Ø±Ø´Ø¯'),
(36, 3, 52, 'Ø§Ù„Ø£Ø±Ø¨Ø¹Ø§Ø¡', '12_3', 'Ø¯.Ø¹Ø¨Ø¯Ø§Ù„Ø±Ø­Ù…Ù† Ø§Ù„Ø¹Ø¨ÙŠØ¯+Ø¯.Ø³Ù„ÙŠÙ…Ø§Ù† Ø¹ÙˆØ¶'),
(37, 3, 16, 'Ø§Ù„Ø®Ù…ÙŠØ³', '1_4', 'Ø¯.Ø­Ø³Ù† Ø­Ø²ÙˆØ±ÙŠ+Ø¯.Ø¹Ø¨Ø¯ Ø§Ù„Ø­Ù…ÙŠØ¯ ØµØ¨Ø§Øº'),
(38, 3, 17, 'Ø§Ù„Ø«Ù„Ø§Ø«Ø§Ø¡', '12_2', 'Ø¯.Ø¹Ø¨Ø¯Ø§Ù„Ù„Ù‡ Ø¨Ù„Ø§Ù„'),
(39, 3, 15, 'Ø§Ù„Ø®Ù…ÙŠØ³', '9_12', 'Ø¯.Ø¹Ø¨Ø¯Ø§Ù„Ù„Ù‡ Ø¨Ù„Ø§Ù„'),
(40, 2, 30, 'Ø§Ù„Ø«Ù„Ø§Ø«Ø§Ø¡', '9_12', 'Ø¯.Ù…Ø±ÙˆØ§Ù† Ø±Ø´ÙŠØ¯'),
(41, 2, 29, 'Ø§Ù„Ø£Ø±Ø¨Ø¹Ø§Ø¡', '9_12', 'Ø¯.Ø¹Ø¨Ø¯ Ø§Ù„Ù†Ø§ØµØ± Ù†Ø§ØµØ±'),
(42, 2, 34, 'Ø§Ù„Ø«Ù„Ø§Ø«Ø§Ø¡', '12_3', 'Ø¯.Ø±Ø§Ø¦Ø¯ Ø­Ø§Ø¬ Ø³Ù„ÙŠÙ…Ø§Ù†'),
(43, 2, 32, 'Ø§Ù„Ø£Ø­Ø¯', '12_3', 'Ø¯.Ø±Ø§Ø¦Ø¯ ÙØ¤Ø§Ø¯'),
(44, 2, 33, 'Ø§Ù„Ø®Ù…ÙŠØ³', '9_12', 'Ø¯.Ø·Ø§Ø±Ù‚ Ø§Ù„Ø¬Ø§Ø³Ù…'),
(45, 2, 31, 'Ø§Ù„Ø®Ù…ÙŠØ³', '12_3', 'Ø¯.Ø·Ø§Ø±Ù‚ Ø§Ù„Ø¬Ø§Ø³Ù…'),
(46, 2, 53, 'Ø§Ù„Ø£Ø±Ø¨Ø¹Ø§Ø¡', '12_3', 'Ø¯.Ø¹Ø¨Ø¯ Ø§Ù„Ø±Ø­Ù…Ù† Ø§Ù„Ø¹Ø¨ÙŠØ¯+Ø¯.Ø²Ù‡ÙŠØ± Ø´Ø§Ù…ÙŠØ©'),
(47, 1, 5, 'Ø§Ù„Ø£Ø­Ø¯', '9_12', 'Ø¯.Ø±Ø²Ø§Ù† Ø´Ù‡ÙŠØ¯'),
(48, 1, 3, 'Ø§Ù„Ø«Ù„Ø§Ø«Ø§Ø¡', '10_12', 'Ø¯.Ø³Ù‡ÙŠÙ„ Ø§Ù„Ø´ÙŠØ®'),
(49, 1, 7, 'Ø§Ù„Ø£Ø±Ø¨Ø¹Ø§Ø¡', '9_12', 'Ø¯.Ø®Ø§Ù„Ø¯ Ø§ÙˆÙ…Ø±ÙŠ'),
(50, 1, 6, 'Ø§Ù„Ø«Ù„Ø§Ø«Ø§Ø¡', '12_3', 'Ø¯.Ø®Ø§Ù„Ø¯ Ø¨Ù†ÙˆØ¯'),
(51, 1, 4, 'Ø§Ù„Ø£Ø±Ø¨Ø¹Ø§Ø¡', '12_3', 'Ø¯.Ø¶Ø­Ù‰ Ø¹Ø¯Ø§Ø³'),
(52, 1, 54, 'Ø§Ù„Ø£Ø­Ø¯', '12_3', 'Ø¯.ÙƒÙ…Ø§Ù„ ÙˆØ´Ù„ÙŠ');

--
-- Indexes for dumped tables
--

--
-- Indexes for table `accepted_students`
--
ALTER TABLE `accepted_students`
  ADD PRIMARY KEY (`id`);

--
-- Indexes for table `admin`
--
ALTER TABLE `admin`
  ADD PRIMARY KEY (`id`);

--
-- Indexes for table `depas`
--
ALTER TABLE `depas`
  ADD PRIMARY KEY (`id`);

--
-- Indexes for table `differentiation_dates`
--
ALTER TABLE `differentiation_dates`
  ADD PRIMARY KEY (`id`);

--
-- Indexes for table `exam_schedule`
--
ALTER TABLE `exam_schedule`
  ADD PRIMARY KEY (`id`);

--
-- Indexes for table `exam_schedule_days`
--
ALTER TABLE `exam_schedule_days`
  ADD PRIMARY KEY (`id`);

--
-- Indexes for table `exam_schedule_times`
--
ALTER TABLE `exam_schedule_times`
  ADD PRIMARY KEY (`id`);

--
-- Indexes for table `messages`
--
ALTER TABLE `messages`
  ADD PRIMARY KEY (`id`);

--
-- Indexes for table `messages_debate`
--
ALTER TABLE `messages_debate`
  ADD PRIMARY KEY (`id`);

--
-- Indexes for table `some_text`
--
ALTER TABLE `some_text`
  ADD PRIMARY KEY (`id`);

--
-- Indexes for table `students`
--
ALTER TABLE `students`
  ADD PRIMARY KEY (`id`);

--
-- Indexes for table `subjects`
--
ALTER TABLE `subjects`
  ADD PRIMARY KEY (`id`);

--
-- Indexes for table `theses`
--
ALTER TABLE `theses`
  ADD PRIMARY KEY (`id`);

--
-- Indexes for table `time_schedule`
--
ALTER TABLE `time_schedule`
  ADD PRIMARY KEY (`id`);

--
-- AUTO_INCREMENT for dumped tables
--

--
-- AUTO_INCREMENT for table `accepted_students`
--
ALTER TABLE `accepted_students`
  MODIFY `id` int(11) NOT NULL AUTO_INCREMENT, AUTO_INCREMENT=317;
--
-- AUTO_INCREMENT for table `admin`
--
ALTER TABLE `admin`
  MODIFY `id` int(11) NOT NULL AUTO_INCREMENT, AUTO_INCREMENT=2;
--
-- AUTO_INCREMENT for table `depas`
--
ALTER TABLE `depas`
  MODIFY `id` int(11) NOT NULL AUTO_INCREMENT, AUTO_INCREMENT=14;
--
-- AUTO_INCREMENT for table `differentiation_dates`
--
ALTER TABLE `differentiation_dates`
  MODIFY `id` int(11) NOT NULL AUTO_INCREMENT, AUTO_INCREMENT=2;
--
-- AUTO_INCREMENT for table `exam_schedule`
--
ALTER TABLE `exam_schedule`
  MODIFY `id` int(11) NOT NULL AUTO_INCREMENT, AUTO_INCREMENT=31;
--
-- AUTO_INCREMENT for table `exam_schedule_days`
--
ALTER TABLE `exam_schedule_days`
  MODIFY `id` int(11) NOT NULL AUTO_INCREMENT, AUTO_INCREMENT=15;
--
-- AUTO_INCREMENT for table `exam_schedule_times`
--
ALTER TABLE `exam_schedule_times`
  MODIFY `id` int(11) NOT NULL AUTO_INCREMENT, AUTO_INCREMENT=11;
--
-- AUTO_INCREMENT for table `messages`
--
ALTER TABLE `messages`
  MODIFY `id` int(11) NOT NULL AUTO_INCREMENT, AUTO_INCREMENT=46;
--
-- AUTO_INCREMENT for table `messages_debate`
--
ALTER TABLE `messages_debate`
  MODIFY `id` int(11) NOT NULL AUTO_INCREMENT, AUTO_INCREMENT=17;
--
-- AUTO_INCREMENT for table `some_text`
--
ALTER TABLE `some_text`
  MODIFY `id` int(11) NOT NULL AUTO_INCREMENT, AUTO_INCREMENT=6;
--
-- AUTO_INCREMENT for table `students`
--
ALTER TABLE `students`
  MODIFY `id` int(11) NOT NULL AUTO_INCREMENT, AUTO_INCREMENT=62;
--
-- AUTO_INCREMENT for table `subjects`
--
ALTER TABLE `subjects`
  MODIFY `id` int(11) NOT NULL AUTO_INCREMENT, AUTO_INCREMENT=55;
--
-- AUTO_INCREMENT for table `theses`
--
ALTER TABLE `theses`
  MODIFY `id` int(11) NOT NULL AUTO_INCREMENT, AUTO_INCREMENT=35;
--
-- AUTO_INCREMENT for table `time_schedule`
--
ALTER TABLE `time_schedule`
  MODIFY `id` int(11) NOT NULL AUTO_INCREMENT, AUTO_INCREMENT=53;
/*!40101 SET CHARACTER_SET_CLIENT=@OLD_CHARACTER_SET_CLIENT */;
/*!40101 SET CHARACTER_SET_RESULTS=@OLD_CHARACTER_SET_RESULTS */;
/*!40101 SET COLLATION_CONNECTION=@OLD_COLLATION_CONNECTION */;
